campaign_id,date,channel,spend,impressions,clicks
C001,2026-01-01,meta,0.0,0,0
C002,2026-01-01,google,0.0,0,0
C003,2026-01-01,affiliate,0.0,0,0
C004,2026-01-01,email,849.94,92789,2554
C005,2026-01-01,app,0.0,0,0
C006,2026-01-01,meta,0.0,0,0
C007,2026-01-01,google,497.48,43532,676
C008,2026-01-01,affiliate,0.0,0,0
C009,2026-01-01,email,0.0,0,0
C010,2026-01-01,app,0.0,0,0
C011,2026-01-01,meta,0.0,0,0
C012,2026-01-01,google,0.0,0,0
C013,2026-01-01,affiliate,0.0,0,0
C014,2026-01-01,email,0.0,0,0
C015,2026-01-01,app,0.0,0,0
C016,2026-01-01,meta,0.0,0,0
C017,2026-01-01,google,0.0,0,0
C018,2026-01-01,affiliate,0.0,0,0
C019,2026-01-01,email,0.0,0,0
C020,2026-01-01,app,0.0,0,0
C021,2026-01-01,meta,0.0,0,0
C022,2026-01-01,google,0.0,0,0
C023,2026-01-01,affiliate,0.0,0,0
C024,2026-01-01,email,0.0,0,0
C025,2026-01-01,app,0.0,0,0
C001,2026-01-02,meta,0.0,0,0
C002,2026-01-02,google,0.0,0,0
C003,2026-01-02,affiliate,0.0,0,0
C004,2026-01-02,email,192.37,14102,690
C005,2026-01-02,app,0.0,0,0
C006,2026-01-02,meta,0.0,0,0
C007,2026-01-02,google,454.73,43896,2291
C008,2026-01-02,affiliate,0.0,0,0
C009,2026-01-02,email,0.0,0,0
C010,2026-01-02,app,0.0,0,0
C011,2026-01-02,meta,0.0,0,0
C012,2026-01-02,google,0.0,0,0
C013,2026-01-02,affiliate,0.0,0,0
C014,2026-01-02,email,348.93,33884,836
C015,2026-01-02,app,0.0,0,0
C016,2026-01-02,meta,0.0,0,0
C017,2026-01-02,google,0.0,0,0
C018,2026-01-02,affiliate,0.0,0,0
C019,2026-01-02,email,0.0,0,0
C020,2026-01-02,app,0.0,0,0
C021,2026-01-02,meta,0.0,0,0
C022,2026-01-02,google,0.0,0,0
C023,2026-01-02,affiliate,0.0,0,0
C024,2026-01-02,email,0.0,0,0
C025,2026-01-02,app,0.0,0,0
C001,2026-01-03,meta,0.0,0,0
C002,2026-01-03,google,0.0,0,0
C003,2026-01-03,affiliate,0.0,0,0
C004,2026-01-03,email,892.3,96227,3400
C005,2026-01-03,app,0.0,0,0
C006,2026-01-03,meta,0.0,0,0
C007,2026-01-03,google,355.83,41064,2197
C008,2026-01-03,affiliate,0.0,0,0
C009,2026-01-03,email,0.0,0,0
C010,2026-01-03,app,0.0,0,0
C011,2026-01-03,meta,0.0,0,0
C012,2026-01-03,google,661.17,46600,3524
C013,2026-01-03,affiliate,0.0,0,0
C014,2026-01-03,email,382.05,39073,3455
C015,2026-01-03,app,558.64,62972,4318
C016,2026-01-03,meta,0.0,0,0
C017,2026-01-03,google,0.0,0,0
C018,2026-01-03,affiliate,0.0,0,0
C019,2026-01-03,email,0.0,0,0
C020,2026-01-03,app,0.0,0,0
C021,2026-01-03,meta,0.0,0,0
C022,2026-01-03,google,644.2,30448,1492
C023,2026-01-03,affiliate,0.0,0,0
C024,2026-01-03,email,0.0,0,0
C025,2026-01-03,app,0.0,0,0
C001,2026-01-04,meta,0.0,0,0
C002,2026-01-04,google,0.0,0,0
C003,2026-01-04,affiliate,0.0,0,0
C004,2026-01-04,email,873.0,97380,7064
C005,2026-01-04,app,0.0,0,0
C006,2026-01-04,meta,0.0,0,0
C007,2026-01-04,google,553.66,58864,3385
C008,2026-01-04,affiliate,0.0,0,0
C009,2026-01-04,email,219.82,21645,1306
C010,2026-01-04,app,0.0,0,0
C011,2026-01-04,meta,0.0,0,0
C012,2026-01-04,google,769.76,44308,2884
C013,2026-01-04,affiliate,0.0,0,0
C014,2026-01-04,email,105.89,13299,273
C015,2026-01-04,app,95.53,6846,163
C016,2026-01-04,meta,0.0,0,0
C017,2026-01-04,google,0.0,0,0
C018,2026-01-04,affiliate,0.0,0,0
C019,2026-01-04,email,0.0,0,0
C020,2026-01-04,app,0.0,0,0
C021,2026-01-04,meta,0.0,0,0
C022,2026-01-04,google,646.21,51620,3739
C023,2026-01-04,affiliate,0.0,0,0
C024,2026-01-04,email,0.0,0,0
C025,2026-01-04,app,0.0,0,0
C001,2026-01-05,meta,0.0,0,0
C002,2026-01-05,google,0.0,0,0
C003,2026-01-05,affiliate,0.0,0,0
C004,2026-01-05,email,834.83,99502,6904
C005,2026-01-05,app,0.0,0,0
C006,2026-01-05,meta,0.0,0,0
C007,2026-01-05,google,131.07,7436,209
C008,2026-01-05,affiliate,0.0,0,0
C009,2026-01-05,email,346.54,35100,1859
C010,2026-01-05,app,0.0,0,0
C011,2026-01-05,meta,0.0,0,0
C012,2026-01-05,google,337.28,20142,1674
C013,2026-01-05,affiliate,0.0,0,0
C014,2026-01-05,email,360.71,27094,1956
C015,2026-01-05,app,671.16,66902,4420
C016,2026-01-05,meta,0.0,0,0
C017,2026-01-05,google,0.0,0,0
C018,2026-01-05,affiliate,0.0,0,0
C019,2026-01-05,email,0.0,0,0
C020,2026-01-05,app,0.0,0,0
C021,2026-01-05,meta,0.0,0,0
C022,2026-01-05,google,580.26,35594,1111
C023,2026-01-05,affiliate,0.0,0,0
C024,2026-01-05,email,537.63,34469,3029
C025,2026-01-05,app,0.0,0,0
C001,2026-01-06,meta,0.0,0,0
C002,2026-01-06,google,0.0,0,0
C003,2026-01-06,affiliate,0.0,0,0
C004,2026-01-06,email,324.04,22541,634
C005,2026-01-06,app,0.0,0,0
C006,2026-01-06,meta,0.0,0,0
C007,2026-01-06,google,658.09,47348,1856
C008,2026-01-06,affiliate,0.0,0,0
C009,2026-01-06,email,845.63,95225,3173
C010,2026-01-06,app,0.0,0,0
C011,2026-01-06,meta,0.0,0,0
C012,2026-01-06,google,179.94,18446,767
C013,2026-01-06,affiliate,0.0,0,0
C014,2026-01-06,email,883.73,101241,8753
C015,2026-01-06,app,739.78,51554,1775
C016,2026-01-06,meta,0.0,0,0
C017,2026-01-06,google,0.0,0,0
C018,2026-01-06,affiliate,0.0,0,0
C019,2026-01-06,email,665.6,49547,2304
C020,2026-01-06,app,0.0,0,0
C021,2026-01-06,meta,0.0,0,0
C022,2026-01-06,google,290.28,24883,690
C023,2026-01-06,affiliate,0.0,0,0
C024,2026-01-06,email,521.63,64842,4299
C025,2026-01-06,app,0.0,0,0
C001,2026-01-07,meta,0.0,0,0
C002,2026-01-07,google,0.0,0,0
C003,2026-01-07,affiliate,0.0,0,0
C004,2026-01-07,email,192.56,18742,1082
C005,2026-01-07,app,0.0,0,0
C006,2026-01-07,meta,0.0,0,0
C007,2026-01-07,google,278.82,28421,1518
C008,2026-01-07,affiliate,0.0,0,0
C009,2026-01-07,email,603.11,29830,1319
C010,2026-01-07,app,0.0,0,0
C011,2026-01-07,meta,0.0,0,0
C012,2026-01-07,google,668.23,35781,2580
C013,2026-01-07,affiliate,0.0,0,0
C014,2026-01-07,email,84.25,7732,653
C015,2026-01-07,app,413.66,51491,4145
C016,2026-01-07,meta,0.0,0,0
C017,2026-01-07,google,0.0,0,0
C018,2026-01-07,affiliate,0.0,0,0
C019,2026-01-07,email,471.51,29211,2546
C020,2026-01-07,app,0.0,0,0
C021,2026-01-07,meta,0.0,0,0
C022,2026-01-07,google,343.36,34302,2840
C023,2026-01-07,affiliate,153.36,14385,773
C024,2026-01-07,email,672.96,83862,6979
C025,2026-01-07,app,0.0,0,0
C001,2026-01-08,meta,0.0,0,0
C002,2026-01-08,google,223.55,26823,689
C003,2026-01-08,affiliate,0.0,0,0
C004,2026-01-08,email,834.1,108232,4650
C005,2026-01-08,app,0.0,0,0
C006,2026-01-08,meta,0.0,0,0
C007,2026-01-08,google,486.21,60587,5273
C008,2026-01-08,affiliate,0.0,0,0
C009,2026-01-08,email,839.35,100321,1276
C010,2026-01-08,app,0.0,0,0
C011,2026-01-08,meta,0.0,0,0
C012,2026-01-08,google,545.73,29535,2618
C013,2026-01-08,affiliate,0.0,0,0
C014,2026-01-08,email,313.34,40443,2199
C015,2026-01-08,app,485.01,60518,4743
C016,2026-01-08,meta,0.0,0,0
C017,2026-01-08,google,0.0,0,0
C018,2026-01-08,affiliate,0.0,0,0
C019,2026-01-08,email,463.78,28470,591
C020,2026-01-08,app,213.25,17914,574
C021,2026-01-08,meta,232.68,25039,1844
C022,2026-01-08,google,545.58,59669,1532
C023,2026-01-08,affiliate,782.04,94821,7254
C024,2026-01-08,email,502.53,26318,1689
C025,2026-01-08,app,0.0,0,0
C001,2026-01-09,meta,0.0,0,0
C002,2026-01-09,google,231.52,13185,491
C003,2026-01-09,affiliate,0.0,0,0
C004,2026-01-09,email,283.4,19035,578
C005,2026-01-09,app,0.0,0,0
C006,2026-01-09,meta,0.0,0,0
C007,2026-01-09,google,698.08,88022,3129
C008,2026-01-09,affiliate,672.76,30928,1948
C009,2026-01-09,email,648.07,32585,691
C010,2026-01-09,app,0.0,0,0
C011,2026-01-09,meta,0.0,0,0
C012,2026-01-09,google,331.58,26347,1348
C013,2026-01-09,affiliate,0.0,0,0
C014,2026-01-09,email,814.0,85309,3092
C015,2026-01-09,app,176.28,21659,758
C016,2026-01-09,meta,0.0,0,0
C017,2026-01-09,google,0.0,0,0
C018,2026-01-09,affiliate,0.0,0,0
C019,2026-01-09,email,583.99,37156,832
C020,2026-01-09,app,205.61,22320,1322
C021,2026-01-09,meta,420.99,38598,1880
C022,2026-01-09,google,520.76,52830,1533
C023,2026-01-09,affiliate,282.92,30881,2473
C024,2026-01-09,email,147.13,12207,816
C025,2026-01-09,app,0.0,0,0
C001,2026-01-10,meta,0.0,0,0
C002,2026-01-10,google,144.04,13389,225
C003,2026-01-10,affiliate,0.0,0,0
C004,2026-01-10,email,529.07,46540,2637
C005,2026-01-10,app,0.0,0,0
C006,2026-01-10,meta,0.0,0,0
C007,2026-01-10,google,202.88,14787,777
C008,2026-01-10,affiliate,175.32,10950,629
C009,2026-01-10,email,154.57,13661,1025
C010,2026-01-10,app,0.0,0,0
C011,2026-01-10,meta,0.0,0,0
C012,2026-01-10,google,451.81,40042,1907
C013,2026-01-10,affiliate,0.0,0,0
C014,2026-01-10,email,127.34,10735,804
C015,2026-01-10,app,673.09,52942,4006
C016,2026-01-10,meta,0.0,0,0
C017,2026-01-10,google,0.0,0,0
C018,2026-01-10,affiliate,0.0,0,0
C019,2026-01-10,email,691.56,65114,1011
C020,2026-01-10,app,362.51,18277,1636
C021,2026-01-10,meta,846.36,43051,3652
C022,2026-01-10,google,106.02,8455,608
C023,2026-01-10,affiliate,707.98,90733,5659
C024,2026-01-10,email,424.7,54953,2298
C025,2026-01-10,app,0.0,0,0
C001,2026-01-11,meta,0.0,0,0
C002,2026-01-11,google,793.09,96816,3998
C003,2026-01-11,affiliate,0.0,0,0
C004,2026-01-11,email,639.84,64785,3502
C005,2026-01-11,app,0.0,0,0
C006,2026-01-11,meta,0.0,0,0
C007,2026-01-11,google,615.9,45921,1190
C008,2026-01-11,affiliate,520.55,46824,3220
C009,2026-01-11,email,262.61,11894,163
C010,2026-01-11,app,0.0,0,0
C011,2026-01-11,meta,0.0,0,0
C012,2026-01-11,google,324.66,33195,1808
C013,2026-01-11,affiliate,0.0,0,0
C014,2026-01-11,email,516.19,59354,1858
C015,2026-01-11,app,363.85,24898,2119
C016,2026-01-11,meta,0.0,0,0
C017,2026-01-11,google,0.0,0,0
C018,2026-01-11,affiliate,0.0,0,0
C019,2026-01-11,email,674.52,36823,2766
C020,2026-01-11,app,423.78,46664,3776
C021,2026-01-11,meta,92.83,5803,115
C022,2026-01-11,google,107.53,10302,688
C023,2026-01-11,affiliate,119.91,12943,561
C024,2026-01-11,email,272.16,17273,1370
C025,2026-01-11,app,0.0,0,0
C001,2026-01-12,meta,0.0,0,0
C002,2026-01-12,google,126.28,11091,383
C003,2026-01-12,affiliate,0.0,0,0
C004,2026-01-12,email,748.94,80270,2959
C005,2026-01-12,app,0.0,0,0
C006,2026-01-12,meta,0.0,0,0
C007,2026-01-12,google,570.29,58263,2156
C008,2026-01-12,affiliate,327.45,18722,1188
C009,2026-01-12,email,261.26,18429,308
C010,2026-01-12,app,857.79,102742,8538
C011,2026-01-12,meta,0.0,0,0
C012,2026-01-12,google,593.31,48243,2443
C013,2026-01-12,affiliate,877.28,109690,7060
C014,2026-01-12,email,724.36,52220,2322
C015,2026-01-12,app,202.36,15581,1103
C016,2026-01-12,meta,0.0,0,0
C017,2026-01-12,google,468.29,54880,1945
C018,2026-01-12,affiliate,0.0,0,0
C019,2026-01-12,email,660.21,74927,6245
C020,2026-01-12,app,541.16,68869,3820
C021,2026-01-12,meta,189.96,12469,347
C022,2026-01-12,google,610.3,75304,5879
C023,2026-01-12,affiliate,155.82,16608,446
C024,2026-01-12,email,300.14,30692,1811
C025,2026-01-12,app,0.0,0,0
C001,2026-01-13,meta,0.0,0,0
C002,2026-01-13,google,796.37,48573,3468
C003,2026-01-13,affiliate,0.0,0,0
C004,2026-01-13,email,673.93,62340,3079
C005,2026-01-13,app,0.0,0,0
C006,2026-01-13,meta,0.0,0,0
C007,2026-01-13,google,792.97,58126,5036
C008,2026-01-13,affiliate,92.57,11539,1004
C009,2026-01-13,email,176.2,22899,1130
C010,2026-01-13,app,278.93,26881,751
C011,2026-01-13,meta,0.0,0,0
C012,2026-01-13,google,830.4,76335,5533
C013,2026-01-13,affiliate,392.14,35433,1418
C014,2026-01-13,email,294.48,26087,1324
C015,2026-01-13,app,160.86,20656,1004
C016,2026-01-13,meta,0.0,0,0
C017,2026-01-13,google,768.58,94318,3859
C018,2026-01-13,affiliate,0.0,0,0
C019,2026-01-13,email,419.42,38928,1139
C020,2026-01-13,app,199.66,13410,1138
C021,2026-01-13,meta,554.9,44666,1066
C022,2026-01-13,google,350.49,27088,2085
C023,2026-01-13,affiliate,489.43,49257,3222
C024,2026-01-13,email,291.01,33418,2920
C025,2026-01-13,app,0.0,0,0
C001,2026-01-14,meta,0.0,0,0
C002,2026-01-14,google,606.19,52557,1320
C003,2026-01-14,affiliate,0.0,0,0
C004,2026-01-14,email,731.88,43464,2963
C005,2026-01-14,app,0.0,0,0
C006,2026-01-14,meta,480.42,59061,3206
C007,2026-01-14,google,606.28,30309,443
C008,2026-01-14,affiliate,774.29,97050,6222
C009,2026-01-14,email,706.76,56578,4397
C010,2026-01-14,app,269.78,28356,360
C011,2026-01-14,meta,0.0,0,0
C012,2026-01-14,google,494.7,37954,2284
C013,2026-01-14,affiliate,626.74,61047,3033
C014,2026-01-14,email,480.04,21871,1203
C015,2026-01-14,app,89.72,8074,269
C016,2026-01-14,meta,0.0,0,0
C017,2026-01-14,google,881.53,40953,3088
C018,2026-01-14,affiliate,0.0,0,0
C019,2026-01-14,email,632.71,71827,5958
C020,2026-01-14,app,167.75,8922,210
C021,2026-01-14,meta,237.38,21304,1610
C022,2026-01-14,google,299.21,23558,968
C023,2026-01-14,affiliate,412.94,38413,3427
C024,2026-01-14,email,265.2,27353,2137
C025,2026-01-14,app,0.0,0,0
C001,2026-01-15,meta,0.0,0,0
C002,2026-01-15,google,616.06,72663,5177
C003,2026-01-15,affiliate,0.0,0,0
C004,2026-01-15,email,156.67,12100,666
C005,2026-01-15,app,0.0,0,0
C006,2026-01-15,meta,126.01,5771,146
C007,2026-01-15,google,489.88,40112,2935
C008,2026-01-15,affiliate,544.0,64152,1247
C009,2026-01-15,email,513.09,24944,710
C010,2026-01-15,app,791.86,95373,4681
C011,2026-01-15,meta,118.18,6064,510
C012,2026-01-15,google,817.44,75938,1106
C013,2026-01-15,affiliate,841.59,60368,5251
C014,2026-01-15,email,561.37,61156,4133
C015,2026-01-15,app,406.6,20956,517
C016,2026-01-15,meta,277.19,32138,1361
C017,2026-01-15,google,815.15,59666,4232
C018,2026-01-15,affiliate,0.0,0,0
C019,2026-01-15,email,194.76,25128,1720
C020,2026-01-15,app,490.65,62713,1015
C021,2026-01-15,meta,438.41,50981,1966
C022,2026-01-15,google,710.58,89648,3849
C023,2026-01-15,affiliate,714.32,33943,1130
C024,2026-01-15,email,893.92,77504,3081
C025,2026-01-15,app,0.0,0,0
C001,2026-01-16,meta,0.0,0,0
C002,2026-01-16,google,851.74,69593,4524
C003,2026-01-16,affiliate,0.0,0,0
C004,2026-01-16,email,621.75,32507,1958
C005,2026-01-16,app,0.0,0,0
C006,2026-01-16,meta,734.41,77564,1427
C007,2026-01-16,google,206.46,21779,1338
C008,2026-01-16,affiliate,686.52,49372,1002
C009,2026-01-16,email,84.26,5999,240
C010,2026-01-16,app,301.21,16947,451
C011,2026-01-16,meta,448.05,41289,1809
C012,2026-01-16,google,101.53,7623,146
C013,2026-01-16,affiliate,570.4,41397,1740
C014,2026-01-16,email,319.31,24894,463
C015,2026-01-16,app,818.93,99862,8817
C016,2026-01-16,meta,549.01,32619,1360
C017,2026-01-16,google,193.85,13685,690
C018,2026-01-16,affiliate,0.0,0,0
C019,2026-01-16,email,131.88,10807,484
C020,2026-01-16,app,477.07,24587,777
C021,2026-01-16,meta,282.2,27691,1614
C022,2026-01-16,google,240.35,13001,464
C023,2026-01-16,affiliate,858.04,62841,3794
C024,2026-01-16,email,739.34,53979,2057
C025,2026-01-16,app,0.0,0,0
C001,2026-01-17,meta,0.0,0,0
C002,2026-01-17,google,748.69,88389,7777
C003,2026-01-17,affiliate,0.0,0,0
C004,2026-01-17,email,191.62,13845,1189
C005,2026-01-17,app,0.0,0,0
C006,2026-01-17,meta,244.7,17546,1530
C007,2026-01-17,google,874.35,61006,4039
C008,2026-01-17,affiliate,482.63,45342,1401
C009,2026-01-17,email,388.37,44430,1894
C010,2026-01-17,app,173.39,16112,937
C011,2026-01-17,meta,527.42,54295,2981
C012,2026-01-17,google,861.46,72567,4880
C013,2026-01-17,affiliate,439.53,30662,2024
C014,2026-01-17,email,751.55,84647,3717
C015,2026-01-17,app,489.43,48372,1493
C016,2026-01-17,meta,620.1,65603,4824
C017,2026-01-17,google,140.65,18173,897
C018,2026-01-17,affiliate,0.0,0,0
C019,2026-01-17,email,408.66,35987,3015
C020,2026-01-17,app,647.2,59031,4349
C021,2026-01-17,meta,374.81,45396,2445
C022,2026-01-17,google,603.31,31506,2267
C023,2026-01-17,affiliate,619.23,46551,2907
C024,2026-01-17,email,116.32,14959,969
C025,2026-01-17,app,0.0,0,0
C001,2026-01-18,meta,0.0,0,0
C002,2026-01-18,google,407.69,44429,3879
C003,2026-01-18,affiliate,432.97,19871,639
C004,2026-01-18,email,498.75,44437,2545
C005,2026-01-18,app,0.0,0,0
C006,2026-01-18,meta,551.69,45730,1943
C007,2026-01-18,google,713.32,67786,3459
C008,2026-01-18,affiliate,362.87,17086,344
C009,2026-01-18,email,421.1,53373,1123
C010,2026-01-18,app,851.35,48563,1764
C011,2026-01-18,meta,453.37,28373,1409
C012,2026-01-18,google,470.45,38691,2567
C013,2026-01-18,affiliate,341.51,24084,1810
C014,2026-01-18,email,174.37,20432,1277
C015,2026-01-18,app,635.25,37460,3324
C016,2026-01-18,meta,280.01,16752,410
C017,2026-01-18,google,539.08,68177,2051
C018,2026-01-18,affiliate,0.0,0,0
C019,2026-01-18,email,412.14,25007,1549
C020,2026-01-18,app,434.35,20623,1235
C021,2026-01-18,meta,241.81,23053,975
C022,2026-01-18,google,657.88,41112,2905
C023,2026-01-18,affiliate,743.16,37394,745
C024,2026-01-18,email,795.02,48410,1811
C025,2026-01-18,app,455.19,30634,2428
C001,2026-01-19,meta,0.0,0,0
C002,2026-01-19,google,512.73,50926,2982
C003,2026-01-19,affiliate,581.27,55159,2158
C004,2026-01-19,email,773.32,75380,5689
C005,2026-01-19,app,0.0,0,0
C006,2026-01-19,meta,658.91,46310,2775
C007,2026-01-19,google,149.5,8429,178
C008,2026-01-19,affiliate,330.41,20009,1322
C009,2026-01-19,email,498.88,40184,914
C010,2026-01-19,app,394.64,23989,1476
C011,2026-01-19,meta,648.61,64761,5827
C012,2026-01-19,google,535.03,46344,1063
C013,2026-01-19,affiliate,337.96,28163,455
C014,2026-01-19,email,374.41,17153,388
C015,2026-01-19,app,748.48,95001,4885
C016,2026-01-19,meta,485.88,50142,2227
C017,2026-01-19,google,768.71,66523,1227
C018,2026-01-19,affiliate,0.0,0,0
C019,2026-01-19,email,105.31,11551,401
C020,2026-01-19,app,305.38,27696,695
C021,2026-01-19,meta,455.0,49191,3529
C022,2026-01-19,google,530.78,28992,606
C023,2026-01-19,affiliate,715.59,82277,3341
C024,2026-01-19,email,754.54,36623,2493
C025,2026-01-19,app,528.01,68182,1362
C001,2026-01-20,meta,0.0,0,0
C002,2026-01-20,google,760.66,82808,2916
C003,2026-01-20,affiliate,899.44,74857,2933
C004,2026-01-20,email,749.72,61717,5525
C005,2026-01-20,app,716.02,46641,3509
C006,2026-01-20,meta,562.1,42047,2835
C007,2026-01-20,google,598.87,35398,809
C008,2026-01-20,affiliate,249.43,15611,259
C009,2026-01-20,email,367.67,25329,1368
C010,2026-01-20,app,345.4,36213,1251
C011,2026-01-20,meta,299.22,35287,3135
C012,2026-01-20,google,637.03,33822,2945
C013,2026-01-20,affiliate,724.27,89154,7971
C014,2026-01-20,email,790.98,44125,3510
C015,2026-01-20,app,284.74,30031,2301
C016,2026-01-20,meta,704.41,72187,3622
C017,2026-01-20,google,553.49,37549,1663
C018,2026-01-20,affiliate,450.63,44548,3592
C019,2026-01-20,email,156.34,13887,468
C020,2026-01-20,app,847.8,64747,5575
C021,2026-01-20,meta,348.38,15750,1140
C022,2026-01-20,google,680.83,72936,3483
C023,2026-01-20,affiliate,624.6,47125,798
C024,2026-01-20,email,518.23,32915,1498
C025,2026-01-20,app,253.72,17208,1318
C001,2026-01-21,meta,356.96,33598,1886
C002,2026-01-21,google,477.98,35474,2314
C003,2026-01-21,affiliate,119.7,6399,468
C004,2026-01-21,email,456.86,25383,2002
C005,2026-01-21,app,441.85,19908,1726
C006,2026-01-21,meta,245.9,25458,567
C007,2026-01-21,google,613.0,35868,3039
C008,2026-01-21,affiliate,304.7,30665,966
C009,2026-01-21,email,384.91,46890,1168
C010,2026-01-21,app,405.0,28742,1912
C011,2026-01-21,meta,272.0,27394,1832
C012,2026-01-21,google,80.89,6918,154
C013,2026-01-21,affiliate,265.48,27290,347
C014,2026-01-21,email,650.39,74439,6630
C015,2026-01-21,app,426.3,23972,420
C016,2026-01-21,meta,394.12,42216,843
C017,2026-01-21,google,336.95,40394,916
C018,2026-01-21,affiliate,714.24,77865,1743
C019,2026-01-21,email,894.21,51097,2727
C020,2026-01-21,app,86.95,8716,403
C021,2026-01-21,meta,672.39,66154,1574
C022,2026-01-21,google,417.6,43162,3413
C023,2026-01-21,affiliate,151.08,8088,571
C024,2026-01-21,email,563.45,43747,3811
C025,2026-01-21,app,337.89,19221,645
C001,2026-01-22,meta,149.08,13721,806
C002,2026-01-22,google,578.23,64306,4235
C003,2026-01-22,affiliate,775.27,78274,2780
C004,2026-01-22,email,504.55,44556,3133
C005,2026-01-22,app,322.34,16000,1312
C006,2026-01-22,meta,862.83,75122,1562
C007,2026-01-22,google,489.66,46754,2487
C008,2026-01-22,affiliate,881.71,113639,9641
C009,2026-01-22,email,188.23,22242,1252
C010,2026-01-22,app,379.64,39121,2796
C011,2026-01-22,meta,862.65,95306,1267
C012,2026-01-22,google,135.38,9109,137
C013,2026-01-22,affiliate,129.58,14524,748
C014,2026-01-22,email,595.43,52153,2315
C015,2026-01-22,app,655.48,34089,1835
C016,2026-01-22,meta,585.16,40133,1451
C017,2026-01-22,google,499.27,31090,2332
C018,2026-01-22,affiliate,519.84,40657,2499
C019,2026-01-22,email,764.31,78639,1349
C020,2026-01-22,app,652.91,69891,5453
C021,2026-01-22,meta,127.48,6670,306
C022,2026-01-22,google,451.76,43708,1578
C023,2026-01-22,affiliate,688.19,74294,1583
C024,2026-01-22,email,660.48,69104,1712
C025,2026-01-22,app,861.47,77063,5631
C001,2026-01-23,meta,671.03,39719,869
C002,2026-01-23,google,720.52,48883,3966
C003,2026-01-23,affiliate,712.57,33843,2536
C004,2026-01-23,email,303.02,15281,1032
C005,2026-01-23,app,552.85,28499,1353
C006,2026-01-23,meta,375.3,32826,1845
C007,2026-01-23,google,381.5,25440,509
C008,2026-01-23,affiliate,550.61,58604,1747
C009,2026-01-23,email,497.24,24237,1922
C010,2026-01-23,app,280.53,23873,999
C011,2026-01-23,meta,203.07,25210,1988
C012,2026-01-23,google,533.35,65434,4565
C013,2026-01-23,affiliate,423.88,30669,1363
C014,2026-01-23,email,670.64,45641,824
C015,2026-01-23,app,385.7,33815,2784
C016,2026-01-23,meta,227.06,25741,2279
C017,2026-01-23,google,862.35,43858,2117
C018,2026-01-23,affiliate,311.49,36385,1365
C019,2026-01-23,email,533.53,24370,673
C020,2026-01-23,app,542.32,38413,2326
C021,2026-01-23,meta,460.42,43875,2214
C022,2026-01-23,google,713.54,43961,3615
C023,2026-01-23,affiliate,703.6,46322,578
C024,2026-01-23,email,416.23,26973,1052
C025,2026-01-23,app,768.45,91877,7917
C001,2026-01-24,meta,81.2,8190,640
C002,2026-01-24,google,676.32,36410,1941
C003,2026-01-24,affiliate,275.3,23902,398
C004,2026-01-24,email,897.51,94678,1823
C005,2026-01-24,app,835.45,101314,5323
C006,2026-01-24,meta,654.69,50189,4417
C007,2026-01-24,google,149.62,7948,178
C008,2026-01-24,affiliate,752.37,38642,2175
C009,2026-01-24,email,436.69,55441,1689
C010,2026-01-24,app,294.01,21102,1571
C011,2026-01-24,meta,654.59,70371,2590
C012,2026-01-24,google,303.0,15558,432
C013,2026-01-24,affiliate,719.55,68141,1643
C014,2026-01-24,email,214.79,18174,794
C015,2026-01-24,app,519.46,65968,1860
C016,2026-01-24,meta,332.81,22473,479
C017,2026-01-24,google,209.24,21617,1652
C018,2026-01-24,affiliate,651.44,31547,2435
C019,2026-01-24,email,348.79,18399,577
C020,2026-01-24,app,371.71,32949,2135
C021,2026-01-24,meta,293.34,37901,546
C022,2026-01-24,google,411.6,34342,2415
C023,2026-01-24,affiliate,284.88,24007,1793
C024,2026-01-24,email,194.63,8956,687
C025,2026-01-24,app,885.71,49697,3789
C001,2026-01-25,meta,385.24,37975,2365
C002,2026-01-25,google,557.51,37353,2816
C003,2026-01-25,affiliate,97.88,4940,407
C004,2026-01-25,email,443.61,24818,2049
C005,2026-01-25,app,760.07,55623,852
C006,2026-01-25,meta,458.02,27151,1541
C007,2026-01-25,google,753.78,59228,846
C008,2026-01-25,affiliate,640.23,38214,1098
C009,2026-01-25,email,233.46,16059,1299
C010,2026-01-25,app,108.41,10584,329
C011,2026-01-25,meta,321.99,25765,1415
C012,2026-01-25,google,130.0,8941,203
C013,2026-01-25,affiliate,243.56,29274,1551
C014,2026-01-25,email,597.22,67595,5001
C015,2026-01-25,app,891.31,99347,3974
C016,2026-01-25,meta,526.5,45383,3775
C017,2026-01-25,google,491.96,38378,998
C018,2026-01-25,affiliate,341.48,21723,1778
C019,2026-01-25,email,718.4,35905,3207
C020,2026-01-25,app,514.13,56647,5096
C021,2026-01-25,meta,878.66,47018,2973
C022,2026-01-25,google,298.55,34149,2853
C023,2026-01-25,affiliate,125.85,16321,475
C024,2026-01-25,email,774.13,87304,3463
C025,2026-01-25,app,768.16,89754,2309
C001,2026-01-26,meta,565.87,64242,4266
C002,2026-01-26,google,829.46,39314,2620
C003,2026-01-26,affiliate,857.0,79620,4452
C004,2026-01-26,email,234.35,30226,2441
C005,2026-01-26,app,483.63,34468,1732
C006,2026-01-26,meta,154.01,9975,289
C007,2026-01-26,google,511.69,23055,1927
C008,2026-01-26,affiliate,245.2,13753,934
C009,2026-01-26,email,833.4,97311,3623
C010,2026-01-26,app,97.97,9293,776
C011,2026-01-26,meta,714.98,83617,6616
C012,2026-01-26,google,867.66,66597,5692
C013,2026-01-26,affiliate,404.39,21670,770
C014,2026-01-26,email,191.89,11204,963
C015,2026-01-26,app,729.31,92371,5785
C016,2026-01-26,meta,222.85,28378,1875
C017,2026-01-26,google,841.65,94175,2769
C018,2026-01-26,affiliate,562.94,33722,1211
C019,2026-01-26,email,644.57,35982,2477
C020,2026-01-26,app,858.01,107799,4586
C021,2026-01-26,meta,895.31,113740,1652
C022,2026-01-26,google,573.96,70762,6189
C023,2026-01-26,affiliate,261.13,24303,2067
C024,2026-01-26,email,195.33,21164,646
C025,2026-01-26,app,885.55,52486,4254
C001,2026-01-27,meta,152.76,16079,994
C002,2026-01-27,google,807.06,66956,2188
C003,2026-01-27,affiliate,284.62,14448,462
C004,2026-01-27,email,168.59,7604,320
C005,2026-01-27,app,680.72,86705,7022
C006,2026-01-27,meta,484.33,37385,2040
C007,2026-01-27,google,163.17,13992,1110
C008,2026-01-27,affiliate,613.8,63472,1566
C009,2026-01-27,email,140.44,16416,574
C010,2026-01-27,app,341.35,42972,764
C011,2026-01-27,meta,219.49,16881,1166
C012,2026-01-27,google,528.58,64138,1235
C013,2026-01-27,affiliate,567.11,55100,2735
C014,2026-01-27,email,105.41,13187,327
C015,2026-01-27,app,809.6,47243,940
C016,2026-01-27,meta,248.55,15198,1008
C017,2026-01-27,google,672.07,71943,2351
C018,2026-01-27,affiliate,310.85,20264,321
C019,2026-01-27,email,548.85,63879,1531
C020,2026-01-27,app,375.88,30576,1069
C021,2026-01-27,meta,622.86,59805,1649
C022,2026-01-27,google,101.1,6017,209
C023,2026-01-27,affiliate,147.19,17180,619
C024,2026-01-27,email,405.92,35141,2233
C025,2026-01-27,app,154.73,14119,373
C001,2026-01-28,meta,806.1,61585,2880
C002,2026-01-28,google,295.9,25012,741
C003,2026-01-28,affiliate,300.22,15082,1065
C004,2026-01-28,email,627.32,32799,1273
C005,2026-01-28,app,523.99,66813,3875
C006,2026-01-28,meta,533.95,62187,4715
C007,2026-01-28,google,423.28,38314,3050
C008,2026-01-28,affiliate,469.36,56295,2766
C009,2026-01-28,email,144.74,17620,1193
C010,2026-01-28,app,491.72,59762,4448
C011,2026-01-28,meta,635.58,62110,1328
C012,2026-01-28,google,700.89,41839,3714
C013,2026-01-28,affiliate,877.18,99752,2178
C014,2026-01-28,email,427.17,55106,2532
C015,2026-01-28,app,897.76,88262,6801
C016,2026-01-28,meta,291.47,35681,2972
C017,2026-01-28,google,134.95,10524,452
C018,2026-01-28,affiliate,347.42,23790,1135
C019,2026-01-28,email,796.24,89064,5397
C020,2026-01-28,app,508.5,41018,1818
C021,2026-01-28,meta,201.52,19139,1361
C022,2026-01-28,google,850.51,105139,5876
C023,2026-01-28,affiliate,162.81,11285,606
C024,2026-01-28,email,361.97,28930,1211
C025,2026-01-28,app,478.18,46269,690
C001,2026-01-29,meta,305.84,17502,1040
C002,2026-01-29,google,648.8,31334,2550
C003,2026-01-29,affiliate,351.83,22937,1609
C004,2026-01-29,email,835.08,101251,1374
C005,2026-01-29,app,750.26,53088,1797
C006,2026-01-29,meta,483.13,50330,989
C007,2026-01-29,google,792.5,44715,3934
C008,2026-01-29,affiliate,443.35,51071,1686
C009,2026-01-29,email,421.75,42121,1122
C010,2026-01-29,app,253.34,29143,2033
C011,2026-01-29,meta,702.78,83427,6343
C012,2026-01-29,google,502.52,29403,1066
C013,2026-01-29,affiliate,495.57,28014,2196
C014,2026-01-29,email,801.05,38018,1027
C015,2026-01-29,app,763.0,88617,2787
C016,2026-01-29,meta,454.29,55892,3742
C017,2026-01-29,google,304.66,35035,1800
C018,2026-01-29,affiliate,601.04,33375,480
C019,2026-01-29,email,385.42,36805,951
C020,2026-01-29,app,793.79,75318,2958
C021,2026-01-29,meta,214.08,25910,1824
C022,2026-01-29,google,644.86,44644,1881
C023,2026-01-29,affiliate,213.58,20000,1745
C024,2026-01-29,email,782.83,78304,5078
C025,2026-01-29,app,300.65,23994,325
C001,2026-01-30,meta,719.85,79358,1007
C002,2026-01-30,google,827.44,82765,4873
C003,2026-01-30,affiliate,86.94,5777,432
C004,2026-01-30,email,330.48,42036,2611
C005,2026-01-30,app,427.52,32919,1290
C006,2026-01-30,meta,286.64,24269,1573
C007,2026-01-30,google,755.93,59535,1189
C008,2026-01-30,affiliate,499.44,50593,3934
C009,2026-01-30,email,386.87,38696,2302
C010,2026-01-30,app,324.75,17597,298
C011,2026-01-30,meta,890.46,88556,7013
C012,2026-01-30,google,294.14,31014,2530
C013,2026-01-30,affiliate,325.01,18767,1345
C014,2026-01-30,email,817.74,92782,6920
C015,2026-01-30,app,572.03,57858,3766
C016,2026-01-30,meta,671.45,67621,6072
C017,2026-01-30,google,292.73,23587,997
C018,2026-01-30,affiliate,108.96,11461,648
C019,2026-01-30,email,235.73,25165,738
C020,2026-01-30,app,518.4,57913,4789
C021,2026-01-30,meta,630.93,55598,4333
C022,2026-01-30,google,769.32,91935,2402
C023,2026-01-30,affiliate,160.03,8941,287
C024,2026-01-30,email,742.84,81599,2144
C025,2026-01-30,app,637.36,46864,888
C001,2026-01-31,meta,371.33,40199,1445
C002,2026-01-31,google,726.23,53132,1717
C003,2026-01-31,affiliate,321.12,37684,1835
C004,2026-01-31,email,790.44,74778,6405
C005,2026-01-31,app,138.4,16691,851
C006,2026-01-31,meta,791.35,61283,2161
C007,2026-01-31,google,124.33,14622,332
C008,2026-01-31,affiliate,244.24,19485,1099
C009,2026-01-31,email,823.43,69080,2533
C010,2026-01-31,app,666.85,74160,3710
C011,2026-01-31,meta,597.45,35864,2205
C012,2026-01-31,google,83.87,5724,408
C013,2026-01-31,affiliate,218.26,24004,1204
C014,2026-01-31,email,706.13,37060,2220
C015,2026-01-31,app,599.46,47530,4149
C016,2026-01-31,meta,394.32,19008,523
C017,2026-01-31,google,385.94,17829,662
C018,2026-01-31,affiliate,763.25,46710,3026
C019,2026-01-31,email,593.88,39285,2596
C020,2026-01-31,app,362.37,20277,849
C021,2026-01-31,meta,562.71,33310,2540
C022,2026-01-31,google,324.53,22626,1556
C023,2026-01-31,affiliate,569.02,41945,3408
C024,2026-01-31,email,896.29,66444,5468
C025,2026-01-31,app,374.59,22856,1964
C001,2026-02-01,meta,832.93,66041,1969
C002,2026-02-01,google,676.28,37974,2630
C003,2026-02-01,affiliate,563.55,33454,1358
C004,2026-02-01,email,613.44,29553,2375
C005,2026-02-01,app,289.75,26208,413
C006,2026-02-01,meta,895.64,90699,5712
C007,2026-02-01,google,96.19,9968,443
C008,2026-02-01,affiliate,391.81,35858,1757
C009,2026-02-01,email,205.56,21397,1308
C010,2026-02-01,app,326.92,33097,2107
C011,2026-02-01,meta,301.38,29076,659
C012,2026-02-01,google,761.14,41038,2793
C013,2026-02-01,affiliate,176.54,9655,195
C014,2026-02-01,email,242.89,15054,489
C015,2026-02-01,app,508.98,31629,2114
C016,2026-02-01,meta,322.19,15577,789
C017,2026-02-01,google,250.31,31117,1175
C018,2026-02-01,affiliate,82.25,8396,694
C019,2026-02-01,email,764.89,77916,1841
C020,2026-02-01,app,153.87,13616,931
C021,2026-02-01,meta,163.06,10884,326
C022,2026-02-01,google,890.71,62493,3013
C023,2026-02-01,affiliate,161.84,9686,146
C024,2026-02-01,email,318.27,36007,1310
C025,2026-02-01,app,685.6,36388,2588
C001,2026-02-02,meta,117.63,13812,880
C002,2026-02-02,google,219.82,16572,764
C003,2026-02-02,affiliate,589.88,70591,1358
C004,2026-02-02,email,748.27,45303,1959
C005,2026-02-02,app,869.09,59190,2491
C006,2026-02-02,meta,777.55,87856,5500
C007,2026-02-02,google,733.47,40054,2655
C008,2026-02-02,affiliate,128.09,16025,391
C009,2026-02-02,email,421.14,40098,2990
C010,2026-02-02,app,636.28,38435,1599
C011,2026-02-02,meta,374.05,17748,1160
C012,2026-02-02,google,767.6,98055,2175
C013,2026-02-02,affiliate,834.73,45575,2008
C014,2026-02-02,email,117.7,7913,288
C015,2026-02-02,app,657.75,67500,4851
C016,2026-02-02,meta,552.85,51429,4539
C017,2026-02-02,google,629.27,46412,2450
C018,2026-02-02,affiliate,654.48,34749,2210
C019,2026-02-02,email,283.83,21113,1367
C020,2026-02-02,app,395.6,46015,2556
C021,2026-02-02,meta,889.99,44177,2747
C022,2026-02-02,google,208.68,24447,1917
C023,2026-02-02,affiliate,792.92,40727,2050
C024,2026-02-02,email,277.53,35374,563
C025,2026-02-02,app,262.62,26178,1137
C001,2026-02-03,meta,272.7,22913,1706
C002,2026-02-03,google,447.44,52712,2470
C003,2026-02-03,affiliate,177.34,15477,974
C004,2026-02-03,email,164.17,13141,728
C005,2026-02-03,app,80.14,4225,249
C006,2026-02-03,meta,587.63,41657,2151
C007,2026-02-03,google,249.62,25480,2194
C008,2026-02-03,affiliate,377.94,18750,551
C009,2026-02-03,email,452.66,41922,2529
C010,2026-02-03,app,467.97,47199,3202
C011,2026-02-03,meta,173.5,19005,556
C012,2026-02-03,google,359.91,41584,3627
C013,2026-02-03,affiliate,319.43,28547,1905
C014,2026-02-03,email,117.54,6929,159
C015,2026-02-03,app,667.82,71010,1444
C016,2026-02-03,meta,580.9,35400,2993
C017,2026-02-03,google,402.18,33722,2460
C018,2026-02-03,affiliate,667.77,36166,1603
C019,2026-02-03,email,839.83,97575,5652
C020,2026-02-03,app,713.16,59401,3763
C021,2026-02-03,meta,864.08,48772,2482
C022,2026-02-03,google,514.9,25296,2148
C023,2026-02-03,affiliate,767.83,66071,3412
C024,2026-02-03,email,835.35,50172,2866
C025,2026-02-03,app,679.01,37965,1602
C001,2026-02-04,meta,572.45,68710,3526
C002,2026-02-04,google,395.42,50715,4231
C003,2026-02-04,affiliate,705.15,48130,4195
C004,2026-02-04,email,875.8,73122,1638
C005,2026-02-04,app,418.45,43728,3077
C006,2026-02-04,meta,325.11,34015,2691
C007,2026-02-04,google,663.74,82647,5069
C008,2026-02-04,affiliate,244.73,23996,831
C009,2026-02-04,email,363.14,37095,3284
C010,2026-02-04,app,613.07,77527,3977
C011,2026-02-04,meta,649.34,47013,987
C012,2026-02-04,google,368.83,31657,1788
C013,2026-02-04,affiliate,627.07,50470,3549
C014,2026-02-04,email,769.94,53359,4166
C015,2026-02-04,app,742.81,66431,928
C016,2026-02-04,meta,199.17,20309,560
C017,2026-02-04,google,695.15,40791,1401
C018,2026-02-04,affiliate,285.46,33212,2187
C019,2026-02-04,email,322.02,35118,509
C020,2026-02-04,app,747.5,40148,3200
C021,2026-02-04,meta,686.38,81343,5686
C022,2026-02-04,google,540.24,35221,2577
C023,2026-02-04,affiliate,735.03,51047,3258
C024,2026-02-04,email,839.72,65449,5669
C025,2026-02-04,app,880.17,62998,3469
C001,2026-02-05,meta,90.63,6014,363
C002,2026-02-05,google,720.36,85694,6576
C003,2026-02-05,affiliate,827.42,86790,5425
C004,2026-02-05,email,699.19,63949,3777
C005,2026-02-05,app,716.44,90962,3178
C006,2026-02-05,meta,225.49,23231,617
C007,2026-02-05,google,222.51,19731,817
C008,2026-02-05,affiliate,431.38,39821,881
C009,2026-02-05,email,558.87,37263,1407
C010,2026-02-05,app,661.95,38498,923
C011,2026-02-05,meta,344.56,16994,1439
C012,2026-02-05,google,584.8,59217,2976
C013,2026-02-05,affiliate,549.6,41460,3032
C014,2026-02-05,email,340.64,21697,571
C015,2026-02-05,app,135.9,11950,531
C016,2026-02-05,meta,520.37,27483,803
C017,2026-02-05,google,254.95,18664,749
C018,2026-02-05,affiliate,259.13,28238,1507
C019,2026-02-05,email,897.24,103194,9135
C020,2026-02-05,app,87.22,8884,415
C021,2026-02-05,meta,821.69,79839,4826
C022,2026-02-05,google,866.3,89243,3304
C023,2026-02-05,affiliate,831.06,104151,4384
C024,2026-02-05,email,522.99,36107,2999
C025,2026-02-05,app,754.13,57971,4325
C001,2026-02-06,meta,445.36,21701,1780
C002,2026-02-06,google,237.86,21093,1813
C003,2026-02-06,affiliate,217.26,27436,1480
C004,2026-02-06,email,86.01,4349,279
C005,2026-02-06,app,714.34,84664,3817
C006,2026-02-06,meta,165.22,14986,1001
C007,2026-02-06,google,880.5,97640,6095
C008,2026-02-06,affiliate,850.6,92277,2213
C009,2026-02-06,email,456.56,33418,629
C010,2026-02-06,app,124.5,14007,777
C011,2026-02-06,meta,551.47,35487,1141
C012,2026-02-06,google,398.19,39248,1796
C013,2026-02-06,affiliate,93.85,9594,515
C014,2026-02-06,email,605.97,59118,4195
C015,2026-02-06,app,560.2,58582,1034
C016,2026-02-06,meta,841.0,45432,3333
C017,2026-02-06,google,327.11,17125,1227
C018,2026-02-06,affiliate,438.89,34490,2191
C019,2026-02-06,email,468.67,42341,958
C020,2026-02-06,app,400.61,45183,2465
C021,2026-02-06,meta,867.31,49650,3218
C022,2026-02-06,google,829.62,93395,6433
C023,2026-02-06,affiliate,385.97,48518,2676
C024,2026-02-06,email,535.16,29687,367
C025,2026-02-06,app,569.26,51607,4431
C001,2026-02-07,meta,329.85,35823,2954
C002,2026-02-07,google,361.96,28984,1808
C003,2026-02-07,affiliate,500.29,29357,857
C004,2026-02-07,email,764.49,47029,1229
C005,2026-02-07,app,735.72,86403,6774
C006,2026-02-07,meta,844.54,109381,5247
C007,2026-02-07,google,530.72,36994,638
C008,2026-02-07,affiliate,160.53,17124,856
C009,2026-02-07,email,351.3,19637,1239
C010,2026-02-07,app,162.04,15824,1300
C011,2026-02-07,meta,340.58,28371,1704
C012,2026-02-07,google,330.65,31297,1756
C013,2026-02-07,affiliate,378.88,27237,1236
C014,2026-02-07,email,83.96,5535,162
C015,2026-02-07,app,686.65,56353,4368
C016,2026-02-07,meta,190.13,20401,1641
C017,2026-02-07,google,459.54,34692,1242
C018,2026-02-07,affiliate,532.37,31910,1892
C019,2026-02-07,email,770.27,90884,2083
C020,2026-02-07,app,521.67,35147,2851
C021,2026-02-07,meta,142.7,7336,98
C022,2026-02-07,google,495.89,23629,1356
C023,2026-02-07,affiliate,412.21,39223,3243
C024,2026-02-07,email,532.31,48543,4364
C025,2026-02-07,app,467.13,51800,2099
C001,2026-02-08,meta,263.11,29108,2014
C002,2026-02-08,google,318.62,26923,1394
C003,2026-02-08,affiliate,405.36,35543,2263
C004,2026-02-08,email,775.35,88045,5273
C005,2026-02-08,app,215.99,19158,896
C006,2026-02-08,meta,226.9,28507,1808
C007,2026-02-08,google,873.54,93952,4670
C008,2026-02-08,affiliate,374.21,23799,1190
C009,2026-02-08,email,131.55,10050,154
C010,2026-02-08,app,249.55,30484,1224
C011,2026-02-08,meta,465.13,38905,607
C012,2026-02-08,google,884.08,64136,4290
C013,2026-02-08,affiliate,507.53,58629,4521
C014,2026-02-08,email,295.92,27008,690
C015,2026-02-08,app,616.01,46847,2949
C016,2026-02-08,meta,765.08,68028,2813
C017,2026-02-08,google,823.94,73241,2894
C018,2026-02-08,affiliate,791.53,68374,3391
C019,2026-02-08,email,575.45,50441,1152
C020,2026-02-08,app,215.8,11125,691
C021,2026-02-08,meta,253.44,15431,621
C022,2026-02-08,google,668.19,36789,1102
C023,2026-02-08,affiliate,745.16,79152,3922
C024,2026-02-08,email,472.63,29733,730
C025,2026-02-08,app,763.36,35807,550
C001,2026-02-09,meta,550.26,32298,1973
C002,2026-02-09,google,112.14,10501,171
C003,2026-02-09,affiliate,291.77,17594,1526
C004,2026-02-09,email,571.47,53093,714
C005,2026-02-09,app,670.03,67839,2313
C006,2026-02-09,meta,150.31,12503,1118
C007,2026-02-09,google,791.19,47074,3613
C008,2026-02-09,affiliate,572.69,64451,4897
C009,2026-02-09,email,229.15,23160,755
C010,2026-02-09,app,673.83,49949,2366
C011,2026-02-09,meta,564.29,36415,1531
C012,2026-02-09,google,169.03,10513,831
C013,2026-02-09,affiliate,493.57,39822,942
C014,2026-02-09,email,158.96,13582,814
C015,2026-02-09,app,112.01,12503,640
C016,2026-02-09,meta,176.36,15165,336
C017,2026-02-09,google,574.85,66302,5434
C018,2026-02-09,affiliate,715.39,71671,3778
C019,2026-02-09,email,383.71,18683,996
C020,2026-02-09,app,268.18,30356,2233
C021,2026-02-09,meta,392.61,37325,2606
C022,2026-02-09,google,704.46,73418,1440
C023,2026-02-09,affiliate,189.78,16237,489
C024,2026-02-09,email,784.42,54185,4355
C025,2026-02-09,app,415.09,25348,1706
C001,2026-02-10,meta,727.33,68462,1450
C002,2026-02-10,google,85.9,8644,567
C003,2026-02-10,affiliate,339.04,25696,618
C004,2026-02-10,email,614.29,40886,3217
C005,2026-02-10,app,427.32,32510,1088
C006,2026-02-10,meta,638.1,69663,3081
C007,2026-02-10,google,722.71,62160,2540
C008,2026-02-10,affiliate,535.03,35617,1279
C009,2026-02-10,email,362.37,38036,2639
C010,2026-02-10,app,781.1,78921,5550
C011,2026-02-10,meta,446.21,46602,1147
C012,2026-02-10,google,255.86,20225,776
C013,2026-02-10,affiliate,531.47,55405,3719
C014,2026-02-10,email,211.81,26897,333
C015,2026-02-10,app,154.69,8871,747
C016,2026-02-10,meta,437.01,22045,645
C017,2026-02-10,google,145.63,7020,294
C018,2026-02-10,affiliate,887.25,86229,4538
C019,2026-02-10,email,663.52,63555,5450
C020,2026-02-10,app,752.59,74826,3459
C021,2026-02-10,meta,245.4,24744,1848
C022,2026-02-10,google,314.53,15052,884
C023,2026-02-10,affiliate,502.97,32538,820
C024,2026-02-10,email,109.57,7158,86
C025,2026-02-10,app,209.1,27126,1975
C001,2026-02-11,meta,369.56,29042,1676
C002,2026-02-11,google,504.55,54309,942
C003,2026-02-11,affiliate,153.94,10649,817
C004,2026-02-11,email,830.31,61931,5396
C005,2026-02-11,app,306.74,29612,804
C006,2026-02-11,meta,842.37,79070,2559
C007,2026-02-11,google,413.85,22368,394
C008,2026-02-11,affiliate,321.29,40320,3009
C009,2026-02-11,email,864.5,103281,7790
C010,2026-02-11,app,551.41,57350,5009
C011,2026-02-11,meta,541.8,59840,4253
C012,2026-02-11,google,868.22,72932,3496
C013,2026-02-11,affiliate,561.2,26558,559
C014,2026-02-11,email,135.39,13384,1198
C015,2026-02-11,app,635.07,40989,1501
C016,2026-02-11,meta,863.47,76764,979
C017,2026-02-11,google,762.39,50395,970
C018,2026-02-11,affiliate,632.43,72597,1301
C019,2026-02-11,email,843.74,72145,2855
C020,2026-02-11,app,813.34,55202,4740
C021,2026-02-11,meta,640.15,78318,3988
C022,2026-02-11,google,243.73,26203,2098
C023,2026-02-11,affiliate,249.56,15531,488
C024,2026-02-11,email,587.25,34212,695
C025,2026-02-11,app,834.55,85494,5449
C001,2026-02-12,meta,583.34,64144,3478
C002,2026-02-12,google,114.66,9860,595
C003,2026-02-12,affiliate,483.72,62281,5104
C004,2026-02-12,email,792.39,68714,6100
C005,2026-02-12,app,831.13,57200,1677
C006,2026-02-12,meta,552.87,27423,2038
C007,2026-02-12,google,472.22,42955,2198
C008,2026-02-12,affiliate,402.85,41630,1067
C009,2026-02-12,email,880.74,91905,4400
C010,2026-02-12,app,645.15,29679,844
C011,2026-02-12,meta,556.43,40431,2417
C012,2026-02-12,google,292.95,26842,818
C013,2026-02-12,affiliate,466.5,45302,1836
C014,2026-02-12,email,488.99,30755,2049
C015,2026-02-12,app,385.29,45316,1532
C016,2026-02-12,meta,227.51,12773,727
C017,2026-02-12,google,267.42,14304,472
C018,2026-02-12,affiliate,273.36,22344,931
C019,2026-02-12,email,199.59,25253,597
C020,2026-02-12,app,740.65,44447,2265
C021,2026-02-12,meta,896.36,105051,5496
C022,2026-02-12,google,670.86,74970,2654
C023,2026-02-12,affiliate,540.95,50452,2173
C024,2026-02-12,email,646.25,32379,2443
C025,2026-02-12,app,470.76,46387,2184
C001,2026-02-13,meta,354.42,26823,1494
C002,2026-02-13,google,844.11,56475,765
C003,2026-02-13,affiliate,179.41,21300,1855
C004,2026-02-13,email,243.15,22844,1430
C005,2026-02-13,app,223.12,24839,986
C006,2026-02-13,meta,632.02,54629,3793
C007,2026-02-13,google,809.5,62648,2151
C008,2026-02-13,affiliate,598.0,34272,859
C009,2026-02-13,email,742.33,54693,3349
C010,2026-02-13,app,548.74,64288,1129
C011,2026-02-13,meta,212.84,13706,503
C012,2026-02-13,google,318.91,21601,1345
C013,2026-02-13,affiliate,302.42,25045,1986
C014,2026-02-13,email,377.8,35848,3129
C015,2026-02-13,app,419.47,25432,351
C016,2026-02-13,meta,676.77,68537,5849
C017,2026-02-13,google,654.57,33910,848
C018,2026-02-13,affiliate,164.47,8292,667
C019,2026-02-13,email,529.72,25024,1075
C020,2026-02-13,app,707.3,36833,1196
C021,2026-02-13,meta,207.32,20868,1691
C022,2026-02-13,google,333.68,22032,752
C023,2026-02-13,affiliate,593.71,33341,2580
C024,2026-02-13,email,103.43,10487,829
C025,2026-02-13,app,346.67,29630,2608
C001,2026-02-14,meta,523.28,35664,1665
C002,2026-02-14,google,875.02,91262,2355
C003,2026-02-14,affiliate,570.02,56226,3463
C004,2026-02-14,email,542.47,48547,3004
C005,2026-02-14,app,333.92,24880,1345
C006,2026-02-14,meta,739.86,61081,2475
C007,2026-02-14,google,293.04,20748,249
C008,2026-02-14,affiliate,748.61,87643,3402
C009,2026-02-14,email,464.74,21241,1782
C010,2026-02-14,app,856.51,73275,931
C011,2026-02-14,meta,432.96,30263,908
C012,2026-02-14,google,85.92,6595,290
C013,2026-02-14,affiliate,539.65,42391,1048
C014,2026-02-14,email,684.44,53472,2219
C015,2026-02-14,app,295.64,23914,733
C016,2026-02-14,meta,706.92,86488,6485
C017,2026-02-14,google,641.41,44383,3104
C018,2026-02-14,affiliate,743.22,59529,4677
C019,2026-02-14,email,229.57,15981,985
C020,2026-02-14,app,586.54,39961,2420
C021,2026-02-14,meta,233.99,10915,173
C022,2026-02-14,google,518.68,31538,630
C023,2026-02-14,affiliate,300.74,31815,2186
C024,2026-02-14,email,270.9,15660,790
C025,2026-02-14,app,360.37,25760,1915
C001,2026-02-15,meta,898.33,75830,5591
C002,2026-02-15,google,350.8,40938,3530
C003,2026-02-15,affiliate,125.95,13971,245
C004,2026-02-15,email,465.52,28553,2216
C005,2026-02-15,app,750.15,86568,1862
C006,2026-02-15,meta,709.88,46966,3388
C007,2026-02-15,google,443.23,47734,697
C008,2026-02-15,affiliate,457.88,50611,2664
C009,2026-02-15,email,885.33,75421,4913
C010,2026-02-15,app,335.93,24341,1486
C011,2026-02-15,meta,114.59,14287,751
C012,2026-02-15,google,287.72,28563,785
C013,2026-02-15,affiliate,807.77,95648,2772
C014,2026-02-15,email,172.6,17052,636
C015,2026-02-15,app,217.24,14874,317
C016,2026-02-15,meta,727.1,33271,508
C017,2026-02-15,google,722.45,61695,3609
C018,2026-02-15,affiliate,384.55,20229,491
C019,2026-02-15,email,154.95,15120,1279
C020,2026-02-15,app,897.52,88079,1467
C021,2026-02-15,meta,608.55,63662,4694
C022,2026-02-15,google,183.18,11865,1050
C023,2026-02-15,affiliate,726.62,79433,5944
C024,2026-02-15,email,439.75,27001,1775
C025,2026-02-15,app,373.7,21096,1731
C001,2026-02-16,meta,477.95,39281,1374
C002,2026-02-16,google,651.57,39831,1057
C003,2026-02-16,affiliate,365.09,39157,1310
C004,2026-02-16,email,761.71,93484,5165
C005,2026-02-16,app,136.48,7940,278
C006,2026-02-16,meta,295.95,22552,271
C007,2026-02-16,google,603.18,46576,1232
C008,2026-02-16,affiliate,95.35,11235,814
C009,2026-02-16,email,275.8,29313,1856
C010,2026-02-16,app,521.94,40678,2150
C011,2026-02-16,meta,487.99,44833,2681
C012,2026-02-16,google,344.53,34272,706
C013,2026-02-16,affiliate,509.02,25790,1989
C014,2026-02-16,email,186.41,22228,617
C015,2026-02-16,app,478.0,25522,1442
C016,2026-02-16,meta,765.77,77284,4097
C017,2026-02-16,google,655.08,43729,1774
C018,2026-02-16,affiliate,576.88,29434,2488
C019,2026-02-16,email,251.17,21793,1773
C020,2026-02-16,app,145.56,16460,275
C021,2026-02-16,meta,537.58,67063,2980
C022,2026-02-16,google,382.64,40260,3069
C023,2026-02-16,affiliate,297.97,14438,252
C024,2026-02-16,email,329.2,41245,3585
C025,2026-02-16,app,159.64,17023,910
C001,2026-02-17,meta,235.36,21117,663
C002,2026-02-17,google,592.77,35688,2513
C003,2026-02-17,affiliate,420.45,22691,1402
C004,2026-02-17,email,373.53,31373,2004
C005,2026-02-17,app,803.92,47575,1240
C006,2026-02-17,meta,409.28,30159,734
C007,2026-02-17,google,898.72,74284,2932
C008,2026-02-17,affiliate,338.43,43750,1632
C009,2026-02-17,email,384.81,42312,1928
C010,2026-02-17,app,675.21,65303,3652
C011,2026-02-17,meta,255.42,28117,2368
C012,2026-02-17,google,288.35,36545,1714
C013,2026-02-17,affiliate,405.61,43293,3838
C014,2026-02-17,email,568.53,50597,4527
C015,2026-02-17,app,327.51,23098,676
C016,2026-02-17,meta,781.69,36617,2786
C017,2026-02-17,google,645.57,44193,2438
C018,2026-02-17,affiliate,536.18,66327,1596
C019,2026-02-17,email,110.94,8346,190
C020,2026-02-17,app,381.01,35999,1086
C021,2026-02-17,meta,745.08,39349,1699
C022,2026-02-17,google,832.66,89438,6121
C023,2026-02-17,affiliate,730.18,43589,3330
C024,2026-02-17,email,645.47,60661,5022
C025,2026-02-17,app,568.09,40069,2764
C001,2026-02-18,meta,552.55,28550,467
C002,2026-02-18,google,712.14,53107,4022
C003,2026-02-18,affiliate,421.55,50065,3997
C004,2026-02-18,email,265.91,26720,1575
C005,2026-02-18,app,89.38,9928,415
C006,2026-02-18,meta,329.92,16001,865
C007,2026-02-18,google,202.66,17774,519
C008,2026-02-18,affiliate,121.43,13015,555
C009,2026-02-18,email,445.41,42575,2187
C010,2026-02-18,app,262.11,18251,780
C011,2026-02-18,meta,188.4,9799,554
C012,2026-02-18,google,120.44,9506,177
C013,2026-02-18,affiliate,491.49,54444,1206
C014,2026-02-18,email,190.59,17637,882
C015,2026-02-18,app,614.84,37916,2276
C016,2026-02-18,meta,683.25,45047,792
C017,2026-02-18,google,716.95,51971,4369
C018,2026-02-18,affiliate,153.47,15669,705
C019,2026-02-18,email,365.61,26419,1540
C020,2026-02-18,app,99.85,7080,630
C021,2026-02-18,meta,585.3,75599,3514
C022,2026-02-18,google,199.57,9741,738
C023,2026-02-18,affiliate,243.74,18713,1330
C024,2026-02-18,email,779.27,42510,690
C025,2026-02-18,app,858.13,106212,8471
C001,2026-02-19,meta,752.51,34741,2296
C002,2026-02-19,google,171.25,14257,196
C003,2026-02-19,affiliate,251.39,22808,636
C004,2026-02-19,email,509.08,34101,1694
C005,2026-02-19,app,678.54,38686,2572
C006,2026-02-19,meta,95.08,8990,573
C007,2026-02-19,google,115.66,6879,234
C008,2026-02-19,affiliate,727.13,70914,1144
C009,2026-02-19,email,616.9,28197,1193
C010,2026-02-19,app,302.47,35518,2254
C011,2026-02-19,meta,788.71,36770,2929
C012,2026-02-19,google,612.52,39599,1651
C013,2026-02-19,affiliate,880.82,47094,1723
C014,2026-02-19,email,790.75,71311,1892
C015,2026-02-19,app,490.53,41169,3468
C016,2026-02-19,meta,97.62,6445,343
C017,2026-02-19,google,353.53,27730,672
C018,2026-02-19,affiliate,364.36,27295,1658
C019,2026-02-19,email,273.69,35073,1792
C020,2026-02-19,app,745.75,73226,5897
C021,2026-02-19,meta,810.13,92567,1323
C022,2026-02-19,google,535.05,36820,877
C023,2026-02-19,affiliate,815.68,82252,1550
C024,2026-02-19,email,393.41,49825,2978
C025,2026-02-19,app,592.93,38144,1172
C001,2026-02-20,meta,205.25,26168,2170
C002,2026-02-20,google,350.01,31882,896
C003,2026-02-20,affiliate,193.63,17623,1311
C004,2026-02-20,email,787.32,56108,3759
C005,2026-02-20,app,509.52,28786,2581
C006,2026-02-20,meta,880.14,50465,4278
C007,2026-02-20,google,832.03,59895,3322
C008,2026-02-20,affiliate,857.85,47235,1736
C009,2026-02-20,email,801.3,85580,6136
C010,2026-02-20,app,801.71,64291,2833
C011,2026-02-20,meta,443.26,55128,4506
C012,2026-02-20,google,845.27,57708,4199
C013,2026-02-20,affiliate,167.55,10170,726
C014,2026-02-20,email,581.82,39379,2214
C015,2026-02-20,app,269.35,17436,1144
C016,2026-02-20,meta,374.59,38767,1906
C017,2026-02-20,google,491.91,47420,3202
C018,2026-02-20,affiliate,386.65,45404,2285
C019,2026-02-20,email,192.76,11840,171
C020,2026-02-20,app,706.92,32713,1081
C021,2026-02-20,meta,418.7,45261,4031
C022,2026-02-20,google,701.38,35504,2993
C023,2026-02-20,affiliate,888.21,105435,5294
C024,2026-02-20,email,346.41,29060,908
C025,2026-02-20,app,411.99,20004,1387
C001,2026-02-21,meta,391.91,28059,1675
C002,2026-02-21,google,688.82,65764,3483
C003,2026-02-21,affiliate,798.14,89302,4698
C004,2026-02-21,email,0.0,0,0
C005,2026-02-21,app,450.32,51920,794
C006,2026-02-21,meta,896.59,79876,3423
C007,2026-02-21,google,682.84,63097,3297
C008,2026-02-21,affiliate,597.13,29372,1019
C009,2026-02-21,email,406.39,28807,2205
C010,2026-02-21,app,458.3,37080,2218
C011,2026-02-21,meta,124.73,11093,256
C012,2026-02-21,google,760.51,63422,4335
C013,2026-02-21,affiliate,172.8,19214,1636
C014,2026-02-21,email,650.81,36771,1627
C015,2026-02-21,app,449.73,27075,1571
C016,2026-02-21,meta,664.36,41299,1960
C017,2026-02-21,google,285.07,29589,2448
C018,2026-02-21,affiliate,733.12,77756,1682
C019,2026-02-21,email,173.62,14444,582
C020,2026-02-21,app,509.53,39563,2915
C021,2026-02-21,meta,499.57,62810,2608
C022,2026-02-21,google,392.1,43249,3596
C023,2026-02-21,affiliate,543.7,54946,1302
C024,2026-02-21,email,792.43,47707,3222
C025,2026-02-21,app,424.06,30239,2175
C001,2026-02-22,meta,445.93,43811,927
C002,2026-02-22,google,187.89,11694,708
C003,2026-02-22,affiliate,287.55,24149,1901
C004,2026-02-22,email,0.0,0,0
C005,2026-02-22,app,525.67,23912,1933
C006,2026-02-22,meta,275.06,26145,1283
C007,2026-02-22,google,416.32,21544,1266
C008,2026-02-22,affiliate,280.66,25687,1549
C009,2026-02-22,email,537.19,61855,978
C010,2026-02-22,app,201.57,20263,301
C011,2026-02-22,meta,780.14,79336,6137
C012,2026-02-22,google,324.72,40016,633
C013,2026-02-22,affiliate,421.9,25377,1634
C014,2026-02-22,email,581.09,60304,3522
C015,2026-02-22,app,725.59,43593,2071
C016,2026-02-22,meta,554.75,68886,1327
C017,2026-02-22,google,325.42,24838,1032
C018,2026-02-22,affiliate,135.49,11018,605
C019,2026-02-22,email,320.12,18066,1195
C020,2026-02-22,app,305.02,27390,1449
C021,2026-02-22,meta,650.58,63122,1295
C022,2026-02-22,google,678.38,66795,5944
C023,2026-02-22,affiliate,476.6,49345,4186
C024,2026-02-22,email,888.75,61688,3669
C025,2026-02-22,app,339.52,30440,2727
C001,2026-02-23,meta,370.16,20738,1158
C002,2026-02-23,google,506.16,49961,2518
C003,2026-02-23,affiliate,227.52,22023,1481
C004,2026-02-23,email,0.0,0,0
C005,2026-02-23,app,882.99,39853,552
C006,2026-02-23,meta,592.88,32622,2549
C007,2026-02-23,google,735.64,95569,4233
C008,2026-02-23,affiliate,353.71,32766,2022
C009,2026-02-23,email,89.26,5543,188
C010,2026-02-23,app,727.96,51802,2668
C011,2026-02-23,meta,345.62,15733,1030
C012,2026-02-23,google,359.92,38358,2303
C013,2026-02-23,affiliate,103.88,6225,235
C014,2026-02-23,email,357.11,36482,3044
C015,2026-02-23,app,733.75,73287,3631
C016,2026-02-23,meta,594.3,71806,3869
C017,2026-02-23,google,354.79,39608,1754
C018,2026-02-23,affiliate,688.92,79903,2824
C019,2026-02-23,email,674.47,48438,2605
C020,2026-02-23,app,250.78,25897,1925
C021,2026-02-23,meta,808.18,60658,5315
C022,2026-02-23,google,309.98,14770,1310
C023,2026-02-23,affiliate,593.74,69232,3914
C024,2026-02-23,email,399.44,38182,3033
C025,2026-02-23,app,696.26,73070,2669
C001,2026-02-24,meta,105.94,8494,431
C002,2026-02-24,google,274.87,22927,1975
C003,2026-02-24,affiliate,257.23,18185,377
C004,2026-02-24,email,0.0,0,0
C005,2026-02-24,app,723.65,80406,6693
C006,2026-02-24,meta,443.89,20915,1038
C007,2026-02-24,google,490.04,29974,2519
C008,2026-02-24,affiliate,680.6,60919,4416
C009,2026-02-24,email,0.0,0,0
C010,2026-02-24,app,197.5,23522,1790
C011,2026-02-24,meta,849.18,87058,1945
C012,2026-02-24,google,674.15,56659,3833
C013,2026-02-24,affiliate,508.32,23051,1952
C014,2026-02-24,email,643.38,61452,1154
C015,2026-02-24,app,462.84,22643,1191
C016,2026-02-24,meta,620.37,44394,2532
C017,2026-02-24,google,335.96,40594,1503
C018,2026-02-24,affiliate,237.89,16299,601
C019,2026-02-24,email,441.71,24294,574
C020,2026-02-24,app,304.38,14091,853
C021,2026-02-24,meta,501.53,31375,1233
C022,2026-02-24,google,341.16,19457,1302
C023,2026-02-24,affiliate,312.28,20551,360
C024,2026-02-24,email,582.88,43012,2004
C025,2026-02-24,app,186.66,15868,1026
C001,2026-02-25,meta,166.86,8271,374
C002,2026-02-25,google,226.77,21695,1263
C003,2026-02-25,affiliate,765.66,79970,4804
C004,2026-02-25,email,0.0,0,0
C005,2026-02-25,app,336.2,38489,2602
C006,2026-02-25,meta,630.11,56928,5006
C007,2026-02-25,google,699.71,59184,1318
C008,2026-02-25,affiliate,746.54,91953,4462
C009,2026-02-25,email,0.0,0,0
C010,2026-02-25,app,453.58,46800,3154
C011,2026-02-25,meta,461.63,29864,879
C012,2026-02-25,google,786.1,76597,6373
C013,2026-02-25,affiliate,401.5,41943,2679
C014,2026-02-25,email,726.8,87219,4130
C015,2026-02-25,app,104.82,8951,352
C016,2026-02-25,meta,458.22,27272,1960
C017,2026-02-25,google,575.64,32137,643
C018,2026-02-25,affiliate,750.39,84587,3165
C019,2026-02-25,email,612.55,68824,3685
C020,2026-02-25,app,408.67,32751,1979
C021,2026-02-25,meta,0.0,0,0
C022,2026-02-25,google,529.32,67636,2836
C023,2026-02-25,affiliate,359.39,41036,2384
C024,2026-02-25,email,723.14,59301,4353
C025,2026-02-25,app,526.51,34261,2181
C001,2026-02-26,meta,143.87,17857,1014
C002,2026-02-26,google,479.04,45668,2196
C003,2026-02-26,affiliate,535.17,61476,1582
C004,2026-02-26,email,0.0,0,0
C005,2026-02-26,app,863.82,43982,900
C006,2026-02-26,meta,747.53,82650,3434
C007,2026-02-26,google,0.0,0,0
C008,2026-02-26,affiliate,485.32,49072,935
C009,2026-02-26,email,0.0,0,0
C010,2026-02-26,app,749.97,90309,7446
C011,2026-02-26,meta,601.63,27082,634
C012,2026-02-26,google,202.36,18244,773
C013,2026-02-26,affiliate,553.9,34137,2224
C014,2026-02-26,email,339.61,31744,2642
C015,2026-02-26,app,329.73,41276,1894
C016,2026-02-26,meta,885.72,65775,1247
C017,2026-02-26,google,86.66,11165,485
C018,2026-02-26,affiliate,184.6,12923,527
C019,2026-02-26,email,530.09,26247,1754
C020,2026-02-26,app,753.02,56879,4503
C021,2026-02-26,meta,0.0,0,0
C022,2026-02-26,google,789.86,51337,3427
C023,2026-02-26,affiliate,403.3,29054,1216
C024,2026-02-26,email,392.88,35883,2284
C025,2026-02-26,app,469.39,28632,1202
C001,2026-02-27,meta,838.08,97549,2344
C002,2026-02-27,google,897.91,91546,2057
C003,2026-02-27,affiliate,138.83,6432,439
C004,2026-02-27,email,0.0,0,0
C005,2026-02-27,app,479.1,39344,3510
C006,2026-02-27,meta,149.42,14880,661
C007,2026-02-27,google,0.0,0,0
C008,2026-02-27,affiliate,453.94,50868,3008
C009,2026-02-27,email,0.0,0,0
C010,2026-02-27,app,429.08,25866,1338
C011,2026-02-27,meta,532.68,44347,1761
C012,2026-02-27,google,232.35,22395,1278
C013,2026-02-27,affiliate,774.38,50430,2578
C014,2026-02-27,email,416.89,38113,1548
C015,2026-02-27,app,882.15,82298,5512
C016,2026-02-27,meta,172.79,14847,977
C017,2026-02-27,google,196.51,21057,1868
C018,2026-02-27,affiliate,886.61,98594,4758
C019,2026-02-27,email,144.15,17390,328
C020,2026-02-27,app,467.41,50500,4389
C021,2026-02-27,meta,0.0,0,0
C022,2026-02-27,google,144.03,14239,1057
C023,2026-02-27,affiliate,336.25,16639,645
C024,2026-02-27,email,718.39,60958,3169
C025,2026-02-27,app,464.77,49904,2237
C001,2026-02-28,meta,867.68,97916,3383
C002,2026-02-28,google,108.97,13451,947
C003,2026-02-28,affiliate,676.12,62821,1054
C004,2026-02-28,email,0.0,0,0
C005,2026-02-28,app,467.99,27785,445
C006,2026-02-28,meta,892.1,101481,6159
C007,2026-02-28,google,0.0,0,0
C008,2026-02-28,affiliate,315.19,16394,843
C009,2026-02-28,email,0.0,0,0
C010,2026-02-28,app,778.19,53397,1192
C011,2026-02-28,meta,310.4,36601,479
C012,2026-02-28,google,171.47,10261,596
C013,2026-02-28,affiliate,203.93,16919,1269
C014,2026-02-28,email,294.23,30766,1532
C015,2026-02-28,app,735.49,86987,3370
C016,2026-02-28,meta,149.21,8554,725
C017,2026-02-28,google,206.4,17988,1609
C018,2026-02-28,affiliate,711.7,46421,2150
C019,2026-02-28,email,602.81,37930,2627
C020,2026-02-28,app,362.96,36147,2563
C021,2026-02-28,meta,0.0,0,0
C022,2026-02-28,google,175.12,10375,447
C023,2026-02-28,affiliate,327.12,35467,2507
C024,2026-02-28,email,516.67,39929,2676
C025,2026-02-28,app,469.16,26900,2148
C001,2026-03-01,meta,89.73,11109,522
C002,2026-03-01,google,636.36,80658,5264
C003,2026-03-01,affiliate,113.63,13977,862
C004,2026-03-01,email,0.0,0,0
C005,2026-03-01,app,864.07,70596,5902
C006,2026-03-01,meta,783.85,57591,1890
C007,2026-03-01,google,0.0,0,0
C008,2026-03-01,affiliate,160.59,16158,686
C009,2026-03-01,email,0.0,0,0
C010,2026-03-01,app,713.98,77590,5375
C011,2026-03-01,meta,562.75,34647,1327
C012,2026-03-01,google,646.03,38951,2131
C013,2026-03-01,affiliate,631.7,73083,945
C014,2026-03-01,email,160.11,8619,403
C015,2026-03-01,app,259.92,17955,485
C016,2026-03-01,meta,99.43,5251,447
C017,2026-03-01,google,618.42,71745,6179
C018,2026-03-01,affiliate,603.23,63451,1355
C019,2026-03-01,email,782.28,43840,2770
C020,2026-03-01,app,817.92,76161,6659
C021,2026-03-01,meta,0.0,0,0
C022,2026-03-01,google,814.72,84837,2694
C023,2026-03-01,affiliate,462.9,57665,3565
C024,2026-03-01,email,836.61,57301,2596
C025,2026-03-01,app,820.78,90646,3374
C001,2026-03-02,meta,212.81,10914,792
C002,2026-03-02,google,393.9,28863,481
C003,2026-03-02,affiliate,863.6,58289,2702
C004,2026-03-02,email,0.0,0,0
C005,2026-03-02,app,483.21,59884,3569
C006,2026-03-02,meta,226.32,19650,456
C007,2026-03-02,google,0.0,0,0
C008,2026-03-02,affiliate,710.34,45151,2807
C009,2026-03-02,email,0.0,0,0
C010,2026-03-02,app,828.34,87645,1757
C011,2026-03-02,meta,139.79,13079,412
C012,2026-03-02,google,445.62,54010,1275
C013,2026-03-02,affiliate,605.07,75207,4801
C014,2026-03-02,email,298.48,31192,2575
C015,2026-03-02,app,551.21,48951,4176
C016,2026-03-02,meta,482.36,39584,3081
C017,2026-03-02,google,720.37,80506,4357
C018,2026-03-02,affiliate,82.71,10429,790
C019,2026-03-02,email,475.29,44304,3762
C020,2026-03-02,app,374.31,38537,1666
C021,2026-03-02,meta,0.0,0,0
C022,2026-03-02,google,598.46,75705,1443
C023,2026-03-02,affiliate,518.39,65668,1200
C024,2026-03-02,email,456.9,50328,3146
C025,2026-03-02,app,224.83,10868,456
C001,2026-03-03,meta,236.62,24643,2018
C002,2026-03-03,google,597.11,45104,839
C003,2026-03-03,affiliate,598.89,64382,1475
C004,2026-03-03,email,0.0,0,0
C005,2026-03-03,app,238.34,25306,1474
C006,2026-03-03,meta,481.17,24229,1312
C007,2026-03-03,google,0.0,0,0
C008,2026-03-03,affiliate,332.34,30038,2315
C009,2026-03-03,email,0.0,0,0
C010,2026-03-03,app,448.43,58137,865
C011,2026-03-03,meta,125.96,14102,216
C012,2026-03-03,google,176.91,20097,1287
C013,2026-03-03,affiliate,455.86,46787,3751
C014,2026-03-03,email,202.14,19050,1602
C015,2026-03-03,app,110.24,6287,396
C016,2026-03-03,meta,466.4,57381,893
C017,2026-03-03,google,655.06,36746,934
C018,2026-03-03,affiliate,120.97,8603,635
C019,2026-03-03,email,454.07,27021,1569
C020,2026-03-03,app,750.6,40561,2059
C021,2026-03-03,meta,0.0,0,0
C022,2026-03-03,google,0.0,0,0
C023,2026-03-03,affiliate,735.32,46875,3503
C024,2026-03-03,email,429.49,48952,4337
C025,2026-03-03,app,636.29,46169,4068
C001,2026-03-04,meta,552.29,31299,2417
C002,2026-03-04,google,730.34,80307,4678
C003,2026-03-04,affiliate,355.11,19624,451
C004,2026-03-04,email,0.0,0,0
C005,2026-03-04,app,420.43,43802,2416
C006,2026-03-04,meta,439.7,54383,825
C007,2026-03-04,google,0.0,0,0
C008,2026-03-04,affiliate,161.97,18954,1132
C009,2026-03-04,email,0.0,0,0
C010,2026-03-04,app,717.68,33249,1661
C011,2026-03-04,meta,85.21,5133,97
C012,2026-03-04,google,614.44,73971,3289
C013,2026-03-04,affiliate,742.08,82124,5420
C014,2026-03-04,email,249.05,24751,1306
C015,2026-03-04,app,0.0,0,0
C016,2026-03-04,meta,417.87,52124,3107
C017,2026-03-04,google,110.85,6684,340
C018,2026-03-04,affiliate,859.24,84472,6169
C019,2026-03-04,email,365.24,16577,503
C020,2026-03-04,app,176.36,15884,309
C021,2026-03-04,meta,0.0,0,0
C022,2026-03-04,google,0.0,0,0
C023,2026-03-04,affiliate,376.76,41329,2235
C024,2026-03-04,email,259.81,28703,1820
C025,2026-03-04,app,306.67,18849,1397
C001,2026-03-05,meta,641.9,81732,4005
C002,2026-03-05,google,224.59,22899,351
C003,2026-03-05,affiliate,608.79,42146,1934
C004,2026-03-05,email,0.0,0,0
C005,2026-03-05,app,354.12,40170,2858
C006,2026-03-05,meta,115.52,12468,1049
C007,2026-03-05,google,0.0,0,0
C008,2026-03-05,affiliate,0.0,0,0
C009,2026-03-05,email,0.0,0,0
C010,2026-03-05,app,224.23,25061,1248
C011,2026-03-05,meta,175.17,21209,1447
C012,2026-03-05,google,566.02,41153,1131
C013,2026-03-05,affiliate,635.02,46155,3358
C014,2026-03-05,email,347.43,18530,1288
C015,2026-03-05,app,0.0,0,0
C016,2026-03-05,meta,793.31,61021,1782
C017,2026-03-05,google,466.21,40175,3272
C018,2026-03-05,affiliate,198.85,24631,1169
C019,2026-03-05,email,397.61,22502,1533
C020,2026-03-05,app,598.26,76530,2125
C021,2026-03-05,meta,0.0,0,0
C022,2026-03-05,google,0.0,0,0
C023,2026-03-05,affiliate,184.31,19138,318
C024,2026-03-05,email,191.93,22530,1076
C025,2026-03-05,app,220.39,16353,1326
C001,2026-03-06,meta,574.98,64461,3981
C002,2026-03-06,google,581.45,34564,3030
C003,2026-03-06,affiliate,781.1,40890,3223
C004,2026-03-06,email,0.0,0,0
C005,2026-03-06,app,481.15,62372,3626
C006,2026-03-06,meta,766.33,52669,3631
C007,2026-03-06,google,0.0,0,0
C008,2026-03-06,affiliate,0.0,0,0
C009,2026-03-06,email,0.0,0,0
C010,2026-03-06,app,683.67,45098,1692
C011,2026-03-06,meta,555.16,67066,3900
C012,2026-03-06,google,202.16,18955,234
C013,2026-03-06,affiliate,883.75,42777,2083
C014,2026-03-06,email,710.26,33991,1816
C015,2026-03-06,app,0.0,0,0
C016,2026-03-06,meta,473.0,53369,4059
C017,2026-03-06,google,451.0,29515,1639
C018,2026-03-06,affiliate,90.19,9668,832
C019,2026-03-06,email,188.82,13244,827
C020,2026-03-06,app,154.4,13244,473
C021,2026-03-06,meta,0.0,0,0
C022,2026-03-06,google,0.0,0,0
C023,2026-03-06,affiliate,656.71,77441,5443
C024,2026-03-06,email,100.02,8367,604
C025,2026-03-06,app,796.84,63313,4660
C001,2026-03-07,meta,383.74,32412,1990
C002,2026-03-07,google,785.51,40068,3273
C003,2026-03-07,affiliate,352.98,16865,762
C004,2026-03-07,email,0.0,0,0
C005,2026-03-07,app,301.23,37779,2051
C006,2026-03-07,meta,731.47,81890,1499
C007,2026-03-07,google,0.0,0,0
C008,2026-03-07,affiliate,0.0,0,0
C009,2026-03-07,email,0.0,0,0
C010,2026-03-07,app,802.29,86277,1404
C011,2026-03-07,meta,855.16,87521,7112
C012,2026-03-07,google,170.99,13008,784
C013,2026-03-07,affiliate,379.77,22747,1264
C014,2026-03-07,email,134.94,14208,397
C015,2026-03-07,app,0.0,0,0
C016,2026-03-07,meta,884.63,57751,1204
C017,2026-03-07,google,472.36,58963,3375
C018,2026-03-07,affiliate,866.47,54442,3816
C019,2026-03-07,email,264.86,19859,652
C020,2026-03-07,app,637.79,43725,740
C021,2026-03-07,meta,0.0,0,0
C022,2026-03-07,google,0.0,0,0
C023,2026-03-07,affiliate,363.09,31345,1663
C024,2026-03-07,email,180.62,19025,1234
C025,2026-03-07,app,516.94,36104,2181
C001,2026-03-08,meta,735.92,92252,6926
C002,2026-03-08,google,851.52,43068,3512
C003,2026-03-08,affiliate,455.46,23599,1936
C004,2026-03-08,email,0.0,0,0
C005,2026-03-08,app,0.0,0,0
C006,2026-03-08,meta,316.47,39974,820
C007,2026-03-08,google,0.0,0,0
C008,2026-03-08,affiliate,0.0,0,0
C009,2026-03-08,email,0.0,0,0
C010,2026-03-08,app,306.27,31929,1619
C011,2026-03-08,meta,797.49,71182,4336
C012,2026-03-08,google,320.4,40823,2213
C013,2026-03-08,affiliate,188.26,14019,653
C014,2026-03-08,email,608.64,42470,718
C015,2026-03-08,app,0.0,0,0
C016,2026-03-08,meta,794.87,51466,4420
C017,2026-03-08,google,608.63,48686,1885
C018,2026-03-08,affiliate,609.76,44351,2584
C019,2026-03-08,email,651.43,75932,3548
C020,2026-03-08,app,329.35,18514,1362
C021,2026-03-08,meta,0.0,0,0
C022,2026-03-08,google,0.0,0,0
C023,2026-03-08,affiliate,220.82,14817,737
C024,2026-03-08,email,0.0,0,0
C025,2026-03-08,app,875.99,96734,1517
C001,2026-03-09,meta,369.56,30952,773
C002,2026-03-09,google,0.0,0,0
C003,2026-03-09,affiliate,837.79,88390,3027
C004,2026-03-09,email,0.0,0,0
C005,2026-03-09,app,0.0,0,0
C006,2026-03-09,meta,878.03,102152,6746
C007,2026-03-09,google,0.0,0,0
C008,2026-03-09,affiliate,0.0,0,0
C009,2026-03-09,email,0.0,0,0
C010,2026-03-09,app,626.41,36360,1111
C011,2026-03-09,meta,113.74,8179,178
C012,2026-03-09,google,293.53,17812,995
C013,2026-03-09,affiliate,108.45,7801,302
C014,2026-03-09,email,385.79,35063,865
C015,2026-03-09,app,0.0,0,0
C016,2026-03-09,meta,327.28,40332,1756
C017,2026-03-09,google,489.52,28077,1340
C018,2026-03-09,affiliate,342.58,15541,1081
C019,2026-03-09,email,879.99,64379,4315
C020,2026-03-09,app,468.61,32631,2794
C021,2026-03-09,meta,0.0,0,0
C022,2026-03-09,google,0.0,0,0
C023,2026-03-09,affiliate,884.17,82905,1945
C024,2026-03-09,email,0.0,0,0
C025,2026-03-09,app,543.49,66351,3084
C001,2026-03-10,meta,645.1,69147,5684
C002,2026-03-10,google,0.0,0,0
C003,2026-03-10,affiliate,0.0,0,0
C004,2026-03-10,email,0.0,0,0
C005,2026-03-10,app,0.0,0,0
C006,2026-03-10,meta,194.33,17845,642
C007,2026-03-10,google,0.0,0,0
C008,2026-03-10,affiliate,0.0,0,0
C009,2026-03-10,email,0.0,0,0
C010,2026-03-10,app,409.34,47677,2230
C011,2026-03-10,meta,155.83,7741,480
C012,2026-03-10,google,558.41,35672,3031
C013,2026-03-10,affiliate,307.9,14445,779
C014,2026-03-10,email,445.28,45455,855
C015,2026-03-10,app,0.0,0,0
C016,2026-03-10,meta,499.67,30743,1130
C017,2026-03-10,google,576.16,72129,5976
C018,2026-03-10,affiliate,376.07,21652,1701
C019,2026-03-10,email,383.1,29380,1004
C020,2026-03-10,app,368.11,47151,3781
C021,2026-03-10,meta,0.0,0,0
C022,2026-03-10,google,0.0,0,0
C023,2026-03-10,affiliate,151.83,16225,756
C024,2026-03-10,email,0.0,0,0
C025,2026-03-10,app,893.93,101294,3496
C001,2026-03-11,meta,740.65,94418,4254
C002,2026-03-11,google,0.0,0,0
C003,2026-03-11,affiliate,0.0,0,0
C004,2026-03-11,email,0.0,0,0
C005,2026-03-11,app,0.0,0,0
C006,2026-03-11,meta,815.07,46347,2678
C007,2026-03-11,google,0.0,0,0
C008,2026-03-11,affiliate,0.0,0,0
C009,2026-03-11,email,0.0,0,0
C010,2026-03-11,app,150.58,9435,462
C011,2026-03-11,meta,791.37,101979,1749
C012,2026-03-11,google,867.28,94767,1790
C013,2026-03-11,affiliate,415.76,51024,2262
C014,2026-03-11,email,535.77,56454,4003
C015,2026-03-11,app,0.0,0,0
C016,2026-03-11,meta,192.28,11692,488
C017,2026-03-11,google,534.17,25955,1984
C018,2026-03-11,affiliate,764.36,54141,3011
C019,2026-03-11,email,460.03,21750,265
C020,2026-03-11,app,295.4,37297,2874
C021,2026-03-11,meta,0.0,0,0
C022,2026-03-11,google,0.0,0,0
C023,2026-03-11,affiliate,467.48,47016,3837
C024,2026-03-11,email,0.0,0,0
C025,2026-03-11,app,422.07,36640,2405
C001,2026-03-12,meta,280.7,15479,520
C002,2026-03-12,google,0.0,0,0
C003,2026-03-12,affiliate,0.0,0,0
C004,2026-03-12,email,0.0,0,0
C005,2026-03-12,app,0.0,0,0
C006,2026-03-12,meta,895.35,45368,3182
C007,2026-03-12,google,0.0,0,0
C008,2026-03-12,affiliate,0.0,0,0
C009,2026-03-12,email,0.0,0,0
C010,2026-03-12,app,556.47,51792,4129
C011,2026-03-12,meta,594.96,50847,3363
C012,2026-03-12,google,178.06,15769,896
C013,2026-03-12,affiliate,773.13,45492,753
C014,2026-03-12,email,342.14,40939,923
C015,2026-03-12,app,0.0,0,0
C016,2026-03-12,meta,213.91,14583,652
C017,2026-03-12,google,0.0,0,0
C018,2026-03-12,affiliate,827.93,62308,2156
C019,2026-03-12,email,514.28,64072,3336
C020,2026-03-12,app,708.48,42916,831
C021,2026-03-12,meta,0.0,0,0
C022,2026-03-12,google,0.0,0,0
C023,2026-03-12,affiliate,697.16,63591,5090
C024,2026-03-12,email,0.0,0,0
C025,2026-03-12,app,757.99,78241,2776
C001,2026-03-13,meta,642.06,66459,1294
C002,2026-03-13,google,0.0,0,0
C003,2026-03-13,affiliate,0.0,0,0
C004,2026-03-13,email,0.0,0,0
C005,2026-03-13,app,0.0,0,0
C006,2026-03-13,meta,555.64,63888,830
C007,2026-03-13,google,0.0,0,0
C008,2026-03-13,affiliate,0.0,0,0
C009,2026-03-13,email,0.0,0,0
C010,2026-03-13,app,504.9,38728,1929
C011,2026-03-13,meta,359.06,43955,878
C012,2026-03-13,google,206.74,13188,352
C013,2026-03-13,affiliate,815.59,79227,6088
C014,2026-03-13,email,511.04,46110,2535
C015,2026-03-13,app,0.0,0,0
C016,2026-03-13,meta,700.17,38290,1834
C017,2026-03-13,google,0.0,0,0
C018,2026-03-13,affiliate,142.65,16347,1373
C019,2026-03-13,email,473.2,33826,1362
C020,2026-03-13,app,749.97,90466,5302
C021,2026-03-13,meta,0.0,0,0
C022,2026-03-13,google,0.0,0,0
C023,2026-03-13,affiliate,706.14,52306,3523
C024,2026-03-13,email,0.0,0,0
C025,2026-03-13,app,103.58,11832,347
C001,2026-03-14,meta,782.59,44686,1325
C002,2026-03-14,google,0.0,0,0
C003,2026-03-14,affiliate,0.0,0,0
C004,2026-03-14,email,0.0,0,0
C005,2026-03-14,app,0.0,0,0
C006,2026-03-14,meta,182.78,10248,185
C007,2026-03-14,google,0.0,0,0
C008,2026-03-14,affiliate,0.0,0,0
C009,2026-03-14,email,0.0,0,0
C010,2026-03-14,app,646.47,72173,1303
C011,2026-03-14,meta,715.25,78229,1198
C012,2026-03-14,google,168.41,18930,985
C013,2026-03-14,affiliate,128.6,7086,224
C014,2026-03-14,email,134.32,13666,968
C015,2026-03-14,app,0.0,0,0
C016,2026-03-14,meta,721.54,88899,2491
C017,2026-03-14,google,0.0,0,0
C018,2026-03-14,affiliate,818.96,49716,1959
C019,2026-03-14,email,154.44,18053,1542
C020,2026-03-14,app,858.01,63978,1568
C021,2026-03-14,meta,0.0,0,0
C022,2026-03-14,google,0.0,0,0
C023,2026-03-14,affiliate,490.52,52449,1618
C024,2026-03-14,email,0.0,0,0
C025,2026-03-14,app,547.59,29254,1670
C001,2026-03-15,meta,0.0,0,0
C002,2026-03-15,google,0.0,0,0
C003,2026-03-15,affiliate,0.0,0,0
C004,2026-03-15,email,0.0,0,0
C005,2026-03-15,app,0.0,0,0
C006,2026-03-15,meta,0.0,0,0
C007,2026-03-15,google,0.0,0,0
C008,2026-03-15,affiliate,0.0,0,0
C009,2026-03-15,email,0.0,0,0
C010,2026-03-15,app,91.47,5803,156
C011,2026-03-15,meta,311.12,37844,2039
C012,2026-03-15,google,878.34,46893,1345
C013,2026-03-15,affiliate,493.44,51889,2105
C014,2026-03-15,email,563.29,46399,4022
C015,2026-03-15,app,0.0,0,0
C016,2026-03-15,meta,228.3,17159,713
C017,2026-03-15,google,0.0,0,0
C018,2026-03-15,affiliate,255.7,16452,342
C019,2026-03-15,email,887.38,49256,1014
C020,2026-03-15,app,191.45,21019,1407
C021,2026-03-15,meta,0.0,0,0
C022,2026-03-15,google,0.0,0,0
C023,2026-03-15,affiliate,536.85,26011,977
C024,2026-03-15,email,0.0,0,0
C025,2026-03-15,app,174.89,12086,711
C001,2026-03-16,meta,0.0,0,0
C002,2026-03-16,google,0.0,0,0
C003,2026-03-16,affiliate,0.0,0,0
C004,2026-03-16,email,0.0,0,0
C005,2026-03-16,app,0.0,0,0
C006,2026-03-16,meta,0.0,0,0
C007,2026-03-16,google,0.0,0,0
C008,2026-03-16,affiliate,0.0,0,0
C009,2026-03-16,email,0.0,0,0
C010,2026-03-16,app,335.85,42980,2004
C011,2026-03-16,meta,534.21,37234,2931
C012,2026-03-16,google,234.8,11955,927
C013,2026-03-16,affiliate,470.05,48286,1254
C014,2026-03-16,email,898.95,78019,1576
C015,2026-03-16,app,0.0,0,0
C016,2026-03-16,meta,439.21,44349,826
C017,2026-03-16,google,0.0,0,0
C018,2026-03-16,affiliate,197.56,15617,906
C019,2026-03-16,email,163.41,20205,1783
C020,2026-03-16,app,133.06,17017,653
C021,2026-03-16,meta,0.0,0,0
C022,2026-03-16,google,0.0,0,0
C023,2026-03-16,affiliate,567.87,73372,1583
C024,2026-03-16,email,0.0,0,0
C025,2026-03-16,app,767.25,81821,2759
C001,2026-03-17,meta,0.0,0,0
C002,2026-03-17,google,0.0,0,0
C003,2026-03-17,affiliate,0.0,0,0
C004,2026-03-17,email,0.0,0,0
C005,2026-03-17,app,0.0,0,0
C006,2026-03-17,meta,0.0,0,0
C007,2026-03-17,google,0.0,0,0
C008,2026-03-17,affiliate,0.0,0,0
C009,2026-03-17,email,0.0,0,0
C010,2026-03-17,app,665.06,62823,2091
C011,2026-03-17,meta,727.38,72538,3134
C012,2026-03-17,google,470.18,45263,1971
C013,2026-03-17,affiliate,477.32,32794,2358
C014,2026-03-17,email,168.59,11178,567
C015,2026-03-17,app,0.0,0,0
C016,2026-03-17,meta,595.26,33597,664
C017,2026-03-17,google,0.0,0,0
C018,2026-03-17,affiliate,123.34,6265,406
C019,2026-03-17,email,877.1,67996,4418
C020,2026-03-17,app,205.24,20086,391
C021,2026-03-17,meta,0.0,0,0
C022,2026-03-17,google,0.0,0,0
C023,2026-03-17,affiliate,142.74,15542,1117
C024,2026-03-17,email,0.0,0,0
C025,2026-03-17,app,730.04,45382,2888
C001,2026-03-18,meta,0.0,0,0
C002,2026-03-18,google,0.0,0,0
C003,2026-03-18,affiliate,0.0,0,0
C004,2026-03-18,email,0.0,0,0
C005,2026-03-18,app,0.0,0,0
C006,2026-03-18,meta,0.0,0,0
C007,2026-03-18,google,0.0,0,0
C008,2026-03-18,affiliate,0.0,0,0
C009,2026-03-18,email,0.0,0,0
C010,2026-03-18,app,482.01,32411,1257
C011,2026-03-18,meta,784.93,71791,6195
C012,2026-03-18,google,105.91,8640,720
C013,2026-03-18,affiliate,394.58,28306,1170
C014,2026-03-18,email,456.92,21837,1210
C015,2026-03-18,app,0.0,0,0
C016,2026-03-18,meta,785.5,55581,3727
C017,2026-03-18,google,0.0,0,0
C018,2026-03-18,affiliate,483.01,27256,1848
C019,2026-03-18,email,479.71,26047,1683
C020,2026-03-18,app,621.26,64149,3632
C021,2026-03-18,meta,0.0,0,0
C022,2026-03-18,google,0.0,0,0
C023,2026-03-18,affiliate,470.25,55310,2849
C024,2026-03-18,email,0.0,0,0
C025,2026-03-18,app,400.94,34901,3061
C001,2026-03-19,meta,0.0,0,0
C002,2026-03-19,google,0.0,0,0
C003,2026-03-19,affiliate,0.0,0,0
C004,2026-03-19,email,0.0,0,0
C005,2026-03-19,app,0.0,0,0
C006,2026-03-19,meta,0.0,0,0
C007,2026-03-19,google,0.0,0,0
C008,2026-03-19,affiliate,0.0,0,0
C009,2026-03-19,email,0.0,0,0
C010,2026-03-19,app,585.89,43932,3877
C011,2026-03-19,meta,342.8,16246,252
C012,2026-03-19,google,766.29,57207,3997
C013,2026-03-19,affiliate,102.06,12325,475
C014,2026-03-19,email,159.83,11881,473
C015,2026-03-19,app,0.0,0,0
C016,2026-03-19,meta,368.04,37247,1166
C017,2026-03-19,google,0.0,0,0
C018,2026-03-19,affiliate,611.43,58309,4840
C019,2026-03-19,email,133.71,9482,363
C020,2026-03-19,app,96.16,6992,335
C021,2026-03-19,meta,0.0,0,0
C022,2026-03-19,google,0.0,0,0
C023,2026-03-19,affiliate,787.96,73504,6050
C024,2026-03-19,email,0.0,0,0
C025,2026-03-19,app,298.63,31104,1799
C001,2026-03-20,meta,0.0,0,0
C002,2026-03-20,google,0.0,0,0
C003,2026-03-20,affiliate,0.0,0,0
C004,2026-03-20,email,0.0,0,0
C005,2026-03-20,app,0.0,0,0
C006,2026-03-20,meta,0.0,0,0
C007,2026-03-20,google,0.0,0,0
C008,2026-03-20,affiliate,0.0,0,0
C009,2026-03-20,email,0.0,0,0
C010,2026-03-20,app,888.33,68497,2907
C011,2026-03-20,meta,549.48,62480,1237
C012,2026-03-20,google,633.59,46605,2386
C013,2026-03-20,affiliate,707.22,52235,3131
C014,2026-03-20,email,377.93,31012,1574
C015,2026-03-20,app,0.0,0,0
C016,2026-03-20,meta,774.81,86707,6724
C017,2026-03-20,google,0.0,0,0
C018,2026-03-20,affiliate,519.38,36058,566
C019,2026-03-20,email,896.91,71010,2103
C020,2026-03-20,app,689.17,36399,2833
C021,2026-03-20,meta,0.0,0,0
C022,2026-03-20,google,0.0,0,0
C023,2026-03-20,affiliate,157.68,11610,200
C024,2026-03-20,email,0.0,0,0
C025,2026-03-20,app,736.97,62935,1784
C001,2026-03-21,meta,0.0,0,0
C002,2026-03-21,google,0.0,0,0
C003,2026-03-21,affiliate,0.0,0,0
C004,2026-03-21,email,0.0,0,0
C005,2026-03-21,app,0.0,0,0
C006,2026-03-21,meta,0.0,0,0
C007,2026-03-21,google,0.0,0,0
C008,2026-03-21,affiliate,0.0,0,0
C009,2026-03-21,email,0.0,0,0
C010,2026-03-21,app,732.43,73521,2613
C011,2026-03-21,meta,739.38,60479,3272
C012,2026-03-21,google,244.06,19328,1174
C013,2026-03-21,affiliate,451.65,49632,1294
C014,2026-03-21,email,95.25,9980,791
C015,2026-03-21,app,0.0,0,0
C016,2026-03-21,meta,553.01,34895,3037
C017,2026-03-21,google,0.0,0,0
C018,2026-03-21,affiliate,688.61,58339,4964
C019,2026-03-21,email,516.83,50249,3617
C020,2026-03-21,app,435.65,40567,2470
C021,2026-03-21,meta,0.0,0,0
C022,2026-03-21,google,0.0,0,0
C023,2026-03-21,affiliate,508.26,38609,908
C024,2026-03-21,email,0.0,0,0
C025,2026-03-21,app,0.0,0,0
C001,2026-03-22,meta,0.0,0,0
C002,2026-03-22,google,0.0,0,0
C003,2026-03-22,affiliate,0.0,0,0
C004,2026-03-22,email,0.0,0,0
C005,2026-03-22,app,0.0,0,0
C006,2026-03-22,meta,0.0,0,0
C007,2026-03-22,google,0.0,0,0
C008,2026-03-22,affiliate,0.0,0,0
C009,2026-03-22,email,0.0,0,0
C010,2026-03-22,app,203.39,21000,743
C011,2026-03-22,meta,437.02,31502,2417
C012,2026-03-22,google,132.83,8275,365
C013,2026-03-22,affiliate,755.44,75478,2415
C014,2026-03-22,email,573.01,45553,950
C015,2026-03-22,app,0.0,0,0
C016,2026-03-22,meta,237.37,15636,1196
C017,2026-03-22,google,0.0,0,0
C018,2026-03-22,affiliate,460.61,42645,1962
C019,2026-03-22,email,0.0,0,0
C020,2026-03-22,app,610.48,29391,718
C021,2026-03-22,meta,0.0,0,0
C022,2026-03-22,google,0.0,0,0
C023,2026-03-22,affiliate,191.87,12848,959
C024,2026-03-22,email,0.0,0,0
C025,2026-03-22,app,0.0,0,0
C001,2026-03-23,meta,0.0,0,0
C002,2026-03-23,google,0.0,0,0
C003,2026-03-23,affiliate,0.0,0,0
C004,2026-03-23,email,0.0,0,0
C005,2026-03-23,app,0.0,0,0
C006,2026-03-23,meta,0.0,0,0
C007,2026-03-23,google,0.0,0,0
C008,2026-03-23,affiliate,0.0,0,0
C009,2026-03-23,email,0.0,0,0
C010,2026-03-23,app,620.11,37181,2918
C011,2026-03-23,meta,870.31,75104,1017
C012,2026-03-23,google,784.86,40917,2411
C013,2026-03-23,affiliate,791.08,96154,4206
C014,2026-03-23,email,378.02,38135,726
C015,2026-03-23,app,0.0,0,0
C016,2026-03-23,meta,853.39,90937,2088
C017,2026-03-23,google,0.0,0,0
C018,2026-03-23,affiliate,171.78,18454,1564
C019,2026-03-23,email,0.0,0,0
C020,2026-03-23,app,508.01,58656,5048
C021,2026-03-23,meta,0.0,0,0
C022,2026-03-23,google,0.0,0,0
C023,2026-03-23,affiliate,843.88,56036,4538
C024,2026-03-23,email,0.0,0,0
C025,2026-03-23,app,0.0,0,0
C001,2026-03-24,meta,0.0,0,0
C002,2026-03-24,google,0.0,0,0
C003,2026-03-24,affiliate,0.0,0,0
C004,2026-03-24,email,0.0,0,0
C005,2026-03-24,app,0.0,0,0
C006,2026-03-24,meta,0.0,0,0
C007,2026-03-24,google,0.0,0,0
C008,2026-03-24,affiliate,0.0,0,0
C009,2026-03-24,email,0.0,0,0
C010,2026-03-24,app,275.22,15245,1142
C011,2026-03-24,meta,350.01,33134,1405
C012,2026-03-24,google,693.67,45126,2029
C013,2026-03-24,affiliate,198.31,11876,1040
C014,2026-03-24,email,440.37,29335,1700
C015,2026-03-24,app,0.0,0,0
C016,2026-03-24,meta,482.09,37048,3186
C017,2026-03-24,google,0.0,0,0
C018,2026-03-24,affiliate,339.52,27508,1794
C019,2026-03-24,email,0.0,0,0
C020,2026-03-24,app,869.92,104174,8863
C021,2026-03-24,meta,0.0,0,0
C022,2026-03-24,google,0.0,0,0
C023,2026-03-24,affiliate,377.66,39968,3040
C024,2026-03-24,email,0.0,0,0
C025,2026-03-24,app,0.0,0,0
C001,2026-03-25,meta,0.0,0,0
C002,2026-03-25,google,0.0,0,0
C003,2026-03-25,affiliate,0.0,0,0
C004,2026-03-25,email,0.0,0,0
C005,2026-03-25,app,0.0,0,0
C006,2026-03-25,meta,0.0,0,0
C007,2026-03-25,google,0.0,0,0
C008,2026-03-25,affiliate,0.0,0,0
C009,2026-03-25,email,0.0,0,0
C010,2026-03-25,app,97.28,12371,733
C011,2026-03-25,meta,770.01,77993,6659
C012,2026-03-25,google,0.0,0,0
C013,2026-03-25,affiliate,646.36,72423,2223
C014,2026-03-25,email,533.24,38013,3298
C015,2026-03-25,app,0.0,0,0
C016,2026-03-25,meta,377.54,43055,926
C017,2026-03-25,google,0.0,0,0
C018,2026-03-25,affiliate,790.9,93247,3944
C019,2026-03-25,email,0.0,0,0
C020,2026-03-25,app,826.03,64763,5717
C021,2026-03-25,meta,0.0,0,0
C022,2026-03-25,google,0.0,0,0
C023,2026-03-25,affiliate,289.54,15250,1161
C024,2026-03-25,email,0.0,0,0
C025,2026-03-25,app,0.0,0,0
C001,2026-03-26,meta,0.0,0,0
C002,2026-03-26,google,0.0,0,0
C003,2026-03-26,affiliate,0.0,0,0
C004,2026-03-26,email,0.0,0,0
C005,2026-03-26,app,0.0,0,0
C006,2026-03-26,meta,0.0,0,0
C007,2026-03-26,google,0.0,0,0
C008,2026-03-26,affiliate,0.0,0,0
C009,2026-03-26,email,0.0,0,0
C010,2026-03-26,app,273.08,17172,1398
C011,2026-03-26,meta,831.03,81993,6608
C012,2026-03-26,google,0.0,0,0
C013,2026-03-26,affiliate,708.73,56368,825
C014,2026-03-26,email,790.48,90882,7757
C015,2026-03-26,app,0.0,0,0
C016,2026-03-26,meta,466.29,37350,2898
C017,2026-03-26,google,0.0,0,0
C018,2026-03-26,affiliate,668.26,79873,6068
C019,2026-03-26,email,0.0,0,0
C020,2026-03-26,app,756.01,78905,4063
C021,2026-03-26,meta,0.0,0,0
C022,2026-03-26,google,0.0,0,0
C023,2026-03-26,affiliate,368.52,35444,2674
C024,2026-03-26,email,0.0,0,0
C025,2026-03-26,app,0.0,0,0
C001,2026-03-27,meta,0.0,0,0
C002,2026-03-27,google,0.0,0,0
C003,2026-03-27,affiliate,0.0,0,0
C004,2026-03-27,email,0.0,0,0
C005,2026-03-27,app,0.0,0,0
C006,2026-03-27,meta,0.0,0,0
C007,2026-03-27,google,0.0,0,0
C008,2026-03-27,affiliate,0.0,0,0
C009,2026-03-27,email,0.0,0,0
C010,2026-03-27,app,684.98,57214,808
C011,2026-03-27,meta,122.72,12214,746
C012,2026-03-27,google,0.0,0,0
C013,2026-03-27,affiliate,728.64,41217,1782
C014,2026-03-27,email,595.2,42655,785
C015,2026-03-27,app,0.0,0,0
C016,2026-03-27,meta,209.41,18614,1631
C017,2026-03-27,google,0.0,0,0
C018,2026-03-27,affiliate,761.11,83622,6527
C019,2026-03-27,email,0.0,0,0
C020,2026-03-27,app,642.32,72180,2664
C021,2026-03-27,meta,0.0,0,0
C022,2026-03-27,google,0.0,0,0
C023,2026-03-27,affiliate,472.26,50763,1641
C024,2026-03-27,email,0.0,0,0
C025,2026-03-27,app,0.0,0,0
C001,2026-03-28,meta,0.0,0,0
C002,2026-03-28,google,0.0,0,0
C003,2026-03-28,affiliate,0.0,0,0
C004,2026-03-28,email,0.0,0,0
C005,2026-03-28,app,0.0,0,0
C006,2026-03-28,meta,0.0,0,0
C007,2026-03-28,google,0.0,0,0
C008,2026-03-28,affiliate,0.0,0,0
C009,2026-03-28,email,0.0,0,0
C010,2026-03-28,app,643.72,74205,5518
C011,2026-03-28,meta,242.9,19488,510
C012,2026-03-28,google,0.0,0,0
C013,2026-03-28,affiliate,798.64,100073,8103
C014,2026-03-28,email,264.08,33165,2785
C015,2026-03-28,app,0.0,0,0
C016,2026-03-28,meta,610.63,60002,4964
C017,2026-03-28,google,0.0,0,0
C018,2026-03-28,affiliate,878.78,54354,3625
C019,2026-03-28,email,0.0,0,0
C020,2026-03-28,app,218.38,17271,785
C021,2026-03-28,meta,0.0,0,0
C022,2026-03-28,google,0.0,0,0
C023,2026-03-28,affiliate,293.33,15420,627
C024,2026-03-28,email,0.0,0,0
C025,2026-03-28,app,0.0,0,0
C001,2026-03-29,meta,0.0,0,0
C002,2026-03-29,google,0.0,0,0
C003,2026-03-29,affiliate,0.0,0,0
C004,2026-03-29,email,0.0,0,0
C005,2026-03-29,app,0.0,0,0
C006,2026-03-29,meta,0.0,0,0
C007,2026-03-29,google,0.0,0,0
C008,2026-03-29,affiliate,0.0,0,0
C009,2026-03-29,email,0.0,0,0
C010,2026-03-29,app,856.74,47099,3205
C011,2026-03-29,meta,436.83,53817,2550
C012,2026-03-29,google,0.0,0,0
C013,2026-03-29,affiliate,632.36,34826,2356
C014,2026-03-29,email,236.25,27940,2039
C015,2026-03-29,app,0.0,0,0
C016,2026-03-29,meta,316.13,27504,609
C017,2026-03-29,google,0.0,0,0
C018,2026-03-29,affiliate,782.2,75096,6730
C019,2026-03-29,email,0.0,0,0
C020,2026-03-29,app,312.03,32002,1428
C021,2026-03-29,meta,0.0,0,0
C022,2026-03-29,google,0.0,0,0
C023,2026-03-29,affiliate,414.99,23822,825
C024,2026-03-29,email,0.0,0,0
C025,2026-03-29,app,0.0,0,0
C001,2026-03-30,meta,0.0,0,0
C002,2026-03-30,google,0.0,0,0
C003,2026-03-30,affiliate,0.0,0,0
C004,2026-03-30,email,0.0,0,0
C005,2026-03-30,app,0.0,0,0
C006,2026-03-30,meta,0.0,0,0
C007,2026-03-30,google,0.0,0,0
C008,2026-03-30,affiliate,0.0,0,0
C009,2026-03-30,email,0.0,0,0
C010,2026-03-30,app,294.68,28732,2378
C011,2026-03-30,meta,383.1,39521,1886
C012,2026-03-30,google,0.0,0,0
C013,2026-03-30,affiliate,88.46,4982,185
C014,2026-03-30,email,648.28,67020,4533
C015,2026-03-30,app,0.0,0,0
C016,2026-03-30,meta,660.93,71095,2274
C017,2026-03-30,google,0.0,0,0
C018,2026-03-30,affiliate,158.13,7905,300
C019,2026-03-30,email,0.0,0,0
C020,2026-03-30,app,272.57,33307,2989
C021,2026-03-30,meta,0.0,0,0
C022,2026-03-30,google,0.0,0,0
C023,2026-03-30,affiliate,850.24,108161,6344
C024,2026-03-30,email,0.0,0,0
C025,2026-03-30,app,0.0,0,0
C001,2026-03-31,meta,0.0,0,0
C002,2026-03-31,google,0.0,0,0
C003,2026-03-31,affiliate,0.0,0,0
C004,2026-03-31,email,0.0,0,0
C005,2026-03-31,app,0.0,0,0
C006,2026-03-31,meta,0.0,0,0
C007,2026-03-31,google,0.0,0,0
C008,2026-03-31,affiliate,0.0,0,0
C009,2026-03-31,email,0.0,0,0
C010,2026-03-31,app,693.56,33893,1077
C011,2026-03-31,meta,588.12,41587,1779
C012,2026-03-31,google,0.0,0,0
C013,2026-03-31,affiliate,384.14,48895,2720
C014,2026-03-31,email,0.0,0,0
C015,2026-03-31,app,0.0,0,0
C016,2026-03-31,meta,556.0,37321,1914
C017,2026-03-31,google,0.0,0,0
C018,2026-03-31,affiliate,842.87,100825,2247
C019,2026-03-31,email,0.0,0,0
C020,2026-03-31,app,340.2,30647,706
C021,2026-03-31,meta,0.0,0,0
C022,2026-03-31,google,0.0,0,0
C023,2026-03-31,affiliate,175.81,8571,188
C024,2026-03-31,email,0.0,0,0
C025,2026-03-31,app,0.0,0,0
